index,qa_id,query,reph,agent,agent_general
0,0,비염 임상시험 일일 투약 주기,"재구성된 질문: ""비염에 대한 임상시험에서 일일 투약 주기는 어떻게 되나요?""","비염에 대한 임상시험에서 일일 투약 주기는 임상시험의 설계와 특정 약물의 특성에 따라 달라질 수 있습니다. 주어진 문서에서는 비염 치료제의 임상시험 설계에 대한 구체적인 일일 투약 주기에 대한 정보는 명시되어 있지 않지만, 일반적으로 임상시험에서는 다음과 같은 요소를 고려하여 투약 주기를 결정합니다.

1. **약물의 약리학적 특성**: 약물이 체내에서 얼마나 오랫동안 작용하는지, 그리고 약물의 반감기 등에 따라 일일 투약 주기가 결정될 수 있습니다. 예를 들어, 반감기가 짧은 약물은 더 자주 투약해야 할 수 있습니다.

2. **임상시험 디자인**: 임상시험의 목적에 따라 일일 투약 주기가 조정될 수 있습니다. 예를 들어, 초기 용량 선정 시험에서는 다양한 투약 주기를 시험할 수 있으며, 확증 임상시험에서는 보다 일관된 투약 주기를 설정할 수 있습니다.

3. **환자의 안전성과 순응도**: 환자가 약물을 얼마나 잘 복용하는지도 고려해야 합니다. 일일 투약 주기가 너무 잦으면 환자의 순응도가 떨어질 수 있으므로, 이를 감안하여 적절한 주기를 설정해야 합니다.

4. **기존 가이드라인 및 규정**: 문서에서는 임상시험 계획서에 조성과 용법을 기술해야 한다고 명시하고 있습니다. 이는 임상시험 의뢰자가 시판 예정 제품과 위약 모두의 조성과 용법을 명확히 해야 함을 의미합니다. 따라서, 임상시험의 설계 시 기존의 가이드라인을 따르는 것이 중요합니다.

결론적으로, 비염에 대한 임상시험에서의 일일 투약 주기는 약물의 특성, 임상시험의 목적, 환자의 안전성 및 순응도 등을 종합적으로 고려하여 결정되어야 하며, 구체적인 주기는 임상시험 계획서에서 명시되어야 합니다."
1,1,의약품 임상시험,"질문: ""의약품의 임상시험 과정은 어떻게 진행되나요?""","의약품의 임상시험 과정은 여러 단계로 나뉘어 진행되며, 각 단계는 특정한 목적과 절차를 가지고 있습니다. 아래는 의약품 임상시험의 일반적인 진행 과정입니다.

1. **임상시험 계획서 작성**: 임상시험을 시작하기 전에 연구자는 임상시험 계획서를 작성해야 합니다. 이 계획서에는 연구의 목적, 방법, 대상자 선정 기준, 평가 방법 등이 포함되어야 합니다. 예를 들어, 국소 비강 제제의 경우에는 활성 약물과 위약의 성상 차이, 조성과 용법에 대한 상세한 설명이 필요합니다 (doc#88).

2. **임상시험 승인**: 작성된 임상시험 계획서는 해당 국가의 규제 기관(예: 식품의약품안전처)에 제출되어 승인을 받아야 합니다. 이 과정에서 연구의 윤리성과 안전성을 검토받습니다.

3. **대상자 모집**: 승인을 받은 후, 연구자는 임상시험에 참여할 대상자를 모집합니다. 모집 기준에 맞는 피험자를 선정하고, 이들에게 임상시험에 대한 충분한 설명을 제공해야 합니다. 이때, 전자적 방법을 이용한 설명 및 동의도 가능하다는 점이 중요합니다 (doc#381).

4. **임상시험 진행**: 임상시험은 일반적으로 3단계로 나뉘어 진행됩니다.
   - **1상**: 소수의 건강한 자원자를 대상으로 약물의 안전성과 약리학적 작용을 평가합니다.
   - **2상**: 적은 수의 환자를 대상으로 약물의 효능과 안전성을 평가합니다.
   - **3상**: 대규모 환자를 대상으로 약물의 효능과 안전성을 확인하고, 기존 치료법과 비교하여 효과를 평가합니다. 이 단계에서는 환자의 순응도 평가 및 응급 의약품 사용 평가도 포함됩니다 (doc#88).

5. **데이터 분석 및 보고서 작성**: 임상시험이 완료된 후, 수집된 데이터를 분석하여 결과를 도출합니다. 이 결과는 최종 보고서에 기록되며, 연구의 유효성과 안전성을 입증하는 데 사용됩니다.

6. **허가 신청**: 임상시험 결과가 긍정적일"
2,2,임상시험에서 피실험자는 어떻게 해요?,"Rephrased Query: ""임상시험에서 피실험자는 어떤 절차를 거치게 되나요?""","임상시험에서 피실험자는 다음과 같은 절차를 거치게 됩니다:

1. **정보 제공 및 동의**: 임상시험에 참여하기 전에 피실험자는 연구의 목적, 절차, 잠재적 위험 및 이익에 대한 충분한 정보를 제공받습니다. 이 과정에서 연구자들은 종이 문서 또는 전자적 방법을 통해 피실험자에게 설명을 합니다. 전자적 방법을 사용할 경우, 본인 확인과 비밀 보장이 이루어져야 하며, 피실험자가 시험 내용을 충분히 이해할 수 있도록 해야 합니다. 이후 피실험자는 서면 동의서를 작성하여 연구에 참여할 의사를 표시합니다. (출처: doc#381)

2. **선정 기준 확인**: 피실험자는 연구에 적합한지 여부를 판단하기 위해 선정 기준을 충족해야 합니다. 이 과정에서는 피실험자의 건강 상태, 병력, 현재 복용 중인 약물 등이 평가됩니다.

3. **기초 평가**: 선정된 피실험자는 임상시험 시작 전에 기초 평가를 받습니다. 이 평가에는 신체 검사, 혈액 검사, 영상 검사 등이 포함될 수 있으며, 연구의 목적에 따라 다를 수 있습니다.

4. **무작위 배정**: 임상시험에 참여하기로 동의한 피실험자는 무작위로 치료군 또는 대조군에 배정됩니다. 이 과정은 연구의 신뢰성을 높이기 위해 중요합니다.

5. **치료 및 모니터링**: 피실험자는 연구에서 정해진 치료를 받게 되며, 연구 기간 동안 정기적으로 모니터링을 받습니다. 이 과정에서는 치료의 효과와 부작용을 평가하기 위해 다양한 검사가 진행될 수 있습니다.

6. **종료 및 후속 평가**: 임상시험이 종료되면 피실험자는 최종 평가를 받게 되며, 연구 결과에 대한 피드백을 받을 수 있습니다. 또한, 연구 종료 후에도 피실험자의 건강 상태를 모니터링할 수 있습니다.

이러한 절차는 임상시험의 안전성과 유효성을 확보하고, 피실험자의 권리를 보호하기 위해 필수적입니다. 각 단계는 연구의 설계와 목적에 따라 다를 수 있으며, 연구자들은 피"
3,3,새우 알레르기,"질문: ""새우에 대한 알레르기""","새우에 대한 알레르기는 식품 알레르기의 일종으로, 새우에 포함된 특정 단백질에 대한 면역 반응으로 발생합니다. 이 알레르기는 특히 해산물 알레르기 중 가장 흔하게 보고되며, 증상은 경증에서 중증까지 다양할 수 있습니다. 일반적인 증상으로는 피부 발진, 가려움증, 호흡 곤란, 복통, 구토, 설사 등이 있습니다. 심한 경우 아나필락시스(anaphylaxis)와 같은 생명을 위협하는 반응이 나타날 수 있습니다.

알레르기비염과 관련된 임상시험 가이드라인에 따르면, 알레르기 질환의 평가와 치료에 대한 연구가 중요하다고 명시되어 있습니다. 특히, 알레르기 비염의 경우 계절성 알레르겐에 대한 노출과 관련된 연구가 필요하다는 점이 강조됩니다. 이는 새우 알레르기와 같은 식품 알레르기도 포함될 수 있으며, 알레르기의 발현과 관련된 다양한 시험이 필요하다는 것을 의미합니다.

문서에서는 알레르기 치료제를 개발하기 위한 임상시험 디자인과 안전성 모니터링에 대한 지침이 제공되고 있습니다. 이러한 지침은 알레르기 비염과 같은 질환을 대상으로 하며, 새우 알레르기와 같은 특정 식품 알레르기의 연구에도 적용될 수 있습니다. 특히, 안전성 모니터링은 알레르기 환자에게 중요한 부분으로, 임상시험 중 발생할 수 있는 이상사례를 평가하는 것이 필수적입니다.

결론적으로, 새우 알레르기에 대한 이해와 연구는 알레르기 비염 치료제 개발과 밀접한 관련이 있으며, 임상시험을 통해 안전성과 유효성을 평가하는 것이 중요합니다. 이러한 연구는 알레르기 환자에게 보다 효과적인 치료 방법을 제공하는 데 기여할 것입니다.","새우 알레르기는 갑각류 알레르기의 한 형태로, 새우, 게, 랍스터 등에서 발견되는 단백질에 면역체계가 과민 반응할 때 발생합니다.

🔍 증상
피부 발진, 두드러기

입술, 얼굴, 목의 부기

복통, 구토, 설사

심한 경우 호흡곤란이나 아나필락시스

⚠️ 대처 방법
노출 피하기: 음식 성분표에서 '갑각류', '크러스트라세아' 등을 확인하세요.

응급 처치: 알레르기 반응이 시작되면 항히스타민제를 복용하고, 심각한 경우 **에피네프린(EpiPen)**이 필요할 수 있어요.

외식 시 주의: 요리에 새우가 포함되지 않아도 같은 기구를 사용해 교차 오염이 발생할 수 있으니 꼭 확인하세요.

혹시 더 궁금한 점 있으면 편하게 물어보세요! 😊"
4,4,새우,"질문: ""새우에 대한 정보는 무엇인가요?""","주어진 문서들에서는 새우에 대한 직접적인 정보는 포함되어 있지 않습니다. 그러나, 의약품과 관련된 정보 제공 및 안전한 사용에 대한 일반적인 정책과 프로그램에 대한 내용이 포함되어 있습니다.

문서 #160과 #161에서는 의약품에 대한 올바른 인식과 안전한 사용을 촉진하기 위한 다양한 교육 프로그램과 정보 제공 시스템에 대해 설명하고 있습니다. 특히, 정보 취약계층을 위한 의약품 안전 사용 교육 환경 구축과 관련된 내용이 강조되고 있습니다. 이러한 프로그램은 임산부, 영유아, 청소년, 어르신 등 다양한 인구층을 대상으로 하여 부작용을 예방하고 건강한 생활을 지원하는 것을 목표로 하고 있습니다.

따라서, 새우와 같은 특정 식품에 대한 정보는 제공되지 않지만, 식약처가 추진하는 의약품 안전 정보 제공 및 교육 프로그램은 국민들이 건강한 삶을 영위하는 데 중요한 역할을 하고 있습니다. 만약 새우에 대한 의약품 안전성이나 알레르기 반응 등과 같은 정보가 필요하다면, 해당 정보를 전문적인 의료 기관이나 식품 안전 관련 기관을 통해 확인하는 것이 좋습니다. 

결론적으로, 새우에 대한 구체적인 정보는 제공되지 않았지만, 건강과 안전에 대한 전반적인 교육과 정보 제공의 중요성이 강조되고 있습니다.","새우! 🍤 요리 얘기인가요, 동물 얘기인가요, 아니면 비유적인 표현인가요? 😄"
