doc_name,query,num_answer,answer
30. 2021+임상시험+관련+자주묻는+질의응답.txt,"q1 임상시험 계획 승인 대상
 식품의약품안전처의 의약품 임상시험 계획 승인 대상
",1,"['○ 「약사법」 제2조제15호에 “임상시험” 이란 의약품 등의 안전성과 유효성을 증명하기\n 위하여 사람을 대상으로 해당 약물의 약동, 약력, 약리, 임상적 효과를 확인하고\n 이상반응을 조사하는 시험으로 규정하고 있으며,\n - 같은 법 제34조에 따라 의약품등으로 임상시험을 하려는 자(연구자임상시험 포함)는\n 식품의약품안전처장(이하 식약처장)의 승인을 받아야 합니다.\n [단, 식품의약품안전처 승인 제외 대상은 q2 참고]\n']"
30. 2021+임상시험+관련+자주묻는+질의응답.txt,"q2 임상시험 계획 승인 제외 대상
 의약품등으로 임상시험을 하려는 자는 모두 식약처 승인을 받아야 하는지,
 식약처 승인 없이 임상시험을 할 수 있는 경우가 있는지
",1,"['○ 아래와 같은 의약품 임상시험은 「약사법」 제34조제2항 및 「의약품 등의 안전에\n 관한 규칙」 제24조제8항에 따라, 식약처장의 승인 대상에서 제외됩니다.\n 1. 판매 중인 의약품등의 허가사항에 대한 임상적 효과관찰 및 이상반응 조사를 위하여\n 실시하는 시험\n 2. 판매 중인 의약품등의 허가된 효능ㆍ효과 등에 대한 안전성ㆍ유효성 자료의 수집을\n 목적으로 하는 시험\n 3. 대체의약품 또는 표준치료법 등이 없어 기존의 치료방법으로는 만족할 만한 효과를 기대\n 하기 어려워, 생명에 위협을 주는 질환인 말기암 또는 후천성면역결핍증 등의 치료법을\n 개발하기 위하여 판매 중인 의약품등을 사용하는 시험\n 4. 의약외품을 사용하는 시험\n 5. 그 밖에 판매 중인 의약품등을 사용하는 경우에 안전성과 직접적으로 관련되지 아니하\n 거나 윤리적인 문제가 발생할 우려가 없는 경우로서 식약처장이 정하는 경우\n']"
30. 2021+임상시험+관련+자주묻는+질의응답.txt,"q3 임상시험 계획 승인 신청 시 제출 자료
 의약품 임상시험 계획 승인 신청 시 제출 자료
",1,"['○ 「의약품 등의 안전에 관한 규칙」 제24조제1항에 따라, 동 규칙 [별지 제23호 서식]\n 임상시험계획 승인(변경승인) 신청서(전자문서로 된 신청서 포함)에 아래의 서류\n (전자문서 포함) 및 자료(전자문서 포함)를 첨부하여 제출하여 합니다.\n 1. 개발계획\n 2. 임상시험자 자료집\n 3. 별표 1의 의약품 제조 및 품질관리기준 및 별표 4의2의 임상시험용의약품 제조\n 및 품질관리기준에 맞게 제조되었음을 증명하는 서류 또는 자료. 이 경우 임상\n 시험용의약품이 다음 각 목에 해당하는 경우에는 해당 기준에 맞게 제조되었음을\n 증명하는 서류 또는 자료 추가 제출 필요.\n 가. 생물학적제제등: 별표 3의 생물학적제제등 제조 및 품질관리기준\n 나. 방사성의약품: 별표 3의2의 방사성의약품 제조 및 품질관리기준\n 다. 의료용 고압가스: 별표 3의3의 의료용 고압가스 제조 및 품질관리기준\n 3의2. 「혈액관리법」 제2조제8호에 따른 혈액제제의 경우 별표 3의4의 혈액제제\n 제조 및 품질관리기준에 맞게 제조되었음을 증명하는 서류 또는 자료\n 4. 임상시험용의약품 관련 제조 및 품질에 관한 자료\n 5. 비임상시험성적에 관한 자료\n 6. 시험약의 과거 임상적 사용경험에 관한 자료(제출할 수 있는 경우만 해당한다)\n 7. 법 제34조의2제2항에 따른 임상시험실시기관, 임상시험검체분석기관, 시험자 및\n 수탁기관 등에 관한 자료\n 8. 임상시험 피해자 보상에 관한 규약\n 9. 시험대상자 동의서 서식\n 10. 임상시험계획서\n']"
30. 2021+임상시험+관련+자주묻는+질의응답.txt,"q4 임상시험계획서에 포함되어야 할 사항
 임상시험계획 승인 신청 시 임상시험계획서에 반드시 포함되어야 하는 항목은
",1,"['○ 임상시험계획서에 포함되어야 할 사항은 아래와 같습니다.\n 1. 시험의 제목, 단계, 계획서 식별번호 및 제·개정이력 등\n 2. 시험계획서 요약\n 3. 서론(배경, 이론적 근거, 유익성ㆍ위험성 평가 및 용량 설정 근거 등)\n 4. 시험의 목적\n 5. 시험모집단(대상자수, 선정기준, 제외기준 및 중도탈락기준 등)\n 6. 시험 설계 내용(시험기간, 시험군ㆍ대조군, 배정, 눈가림 및 흐름도 등)\n 7. 시험종료 및 조기중단 기준\n 8. 임상시험용의약품의 정보 및 관리(표시 및 포장, 투여경로, 투여방법, 보관조건,\n 수불관리, 회수 및 폐기 등)\n 9. 시험의 방법 및 투약계획 등(투여 및 치료일정, 병용약물, 투여금지 약물 및 치료\n 순응도 등)\n 10. 시험 절차 및 평가(방문일정, 시험일정표, 유효성ㆍ안전성 평가변수와 평가 및\n 이상반응 보고 등)\n 11. 자료분석 및 통계학적 고려사항(분석군, 통계분석방법, 판정기준, 분석시기 및\n 대상자수 설정근거 등)\n 12. 자료관리(기록, 수집, 접근, 보호 및 보관 등)\n 13. 윤리적 고려사항 및 행정적 절차(임상시험관리기준 및 동의절차 등 규정, 윤리준수,\n 대상자 안전보호 대책, 결과발표, 환자기록 비밀유지, 품질관리 및 신뢰성 보증 등)\n 14. 임상시험을 하려는 자(임상시험 의뢰자)의 정보, 시험책임자 성명 및 직책\n 15. 두 제제에 대한 동등성을 확인하기 위하여 실시하는 비교용출 시험방법(임상시험 중\n 생물학적 동등성시험을 실시하는 경우만 해당한다). 다만, 생물학적 동등성시험에\n 사용할 대조약과의 비교용출 시험 결과가 대조약과 동등한 것으로 판정된 품목\n 으로서 비교용출 시험 실시 후 해당 품목의 원료약품 및 그 분량, 제조방법 및\n 제조원의 변경이 없는 품목은 비교용출 시험방법을 적지 아니할 수 있음.\n 16. 그 밖에 임상시험을 안전하게 과학적으로 실시하기 위하여 필요한 사항\n']"
30. 2021+임상시험+관련+자주묻는+질의응답.txt,"q5 변경보고 대상의 변경승인 가능 여부
 임상시험계획 중 변경보고 대상에 해당하는 내용의 변경이 있는 경우, 변경승인으로
 민원 신청이 가능한가요?
",1,"['○ 「의약품등의 안전에 관한 규칙」 제24조제5항에 따라 변경보고에 해당하는 임상\n 시험계획의 변경은 변경보고로 진행 하여야 합니다.\n * 보고사항에 대해 검토의견을 받고자 하는 경우, 「약사법」 제35조의2제1항 및 「의\n 약품 등의 안전에 관한 규칙」 제41조에 따른 사전검토 제도를 활용할 수 있습니다.\n']"
30. 2021+임상시험+관련+자주묻는+질의응답.txt,"q6 허가된 의약품의 임상시험의 경우, 임상시험계획 승인 대상 여부
 허가되어 판매 중인 의약품을 사용하여 임상시험을 하는 경우, 임상시험계획에 대해
 식품의약품안전처장의 승인을 받아야 하는지
",2,"['○ 「약사법」 제2조제15호에 “임상시험” 이란 의약품 등의 안전성과 유효성을 증명하기\n 위하여 사람을 대상으로 해당 약물의 약동, 약력, 약리, 임상적 효과를 확인하고\n 이상반응을 조사하는 시험으로 규정하고 있으며, 같은 법 제34조에 의약품등으로\n 임상시험을 하려는 자는 그에 관한 계획서를 작성하여 식약처장의 승인을 받도록 정하고\n 있습니다.\n', '○ 다만, 「의약품 등의 안전에 관한 규칙」 제24조제8항에 따라 판매 중인 의약품등의\n 허가 사항에 대한 임상적 효과관찰 및 이상반응 조사를 위하여 실시하는 시험, 판매\n 중인 의약품등의 허가된 효능·효과 등에 대한 안전성·유효성 자료의 수집을 목적으로\n 하는 시험 등의 경우에는 식약처장의 승인대상에서 제외한다고 규정하고 있습니다.\n - 따라서, 허가되어 판매 중인 의약품을 사용하여 허가사항에 대한 효과관찰, 안전성·\n 유효성 자료 수집을 위한 시험은 식약처장의 승인대상에서 제외되며,\n - 허가된 의약품을 사용하더라도 효능·효과, 용법·용량 등이 허가사항 범위 내에 해당하지\n 않는 경우에는 식약처장의 승인을 받아야 합니다.\n']"
30. 2021+임상시험+관련+자주묻는+질의응답.txt,"q7 동의서 변경 시 임상시험 변경승인 필요 여부
 시험대상자 동의서 변경 시 임상시험계획변경승인이 필요한지
",1,"['○ 임상시험계획의 변경 중 「의약품 등의 안전에 관한 규칙」 제24조제4항 및 「의약품\n 임상시험 계획 승인에 관한 규정」(식약처 고시) 제9조, 제10조에 따른 변경사항은\n 변경승인을 받아야 합니다.\n - 동의서 내용의 변경은 해당 규정에 따른 변경 승인 대상이 아니며, 「의약품 임상\n 시험 계획 승인에 관한 규정」 제9조제3항에 따라 식약처장의 별도 승인없이 해당\n 기관의 임상시험심사위원회의 승인을 받아 임상시험을 실시할 수 있습니다.\n']"
30. 2021+임상시험+관련+자주묻는+질의응답.txt,"q8 생동성 시험 의약품의 기준 및 시험방법 변경 시 변경승인 대상 여부
 생물학적동등성시험을 실시하고자 임상시험계획 승인을 받은 의약품의 첨가제 또는
 기준 및 시험방법이 변경되는 경우, 임상시험계획 변경승인이 필요한지
",2,"['○ 생물학적동등성시험용 의약품 중 주성분이 아닌 사용예가 있는 첨가제를 변경하거나\n 기준 및 시험방법을 변경하는 경우에는 「의약품 임상시험 계획 승인에 관한 규정」\n (식약처 고시) 제9조제3항에 따라 식약처장의 별도 변경 승인 없이 임상시험 실시가\n 가능하며,\n - 위와 같이 생물학적 동등성 시험을 실시한 경우에는 동 규정 같은 조 제4항에 따라\n 임상시험 결과보고서(생물학적 동등성 시험 결과보고서)에 변경사항을 반영하여야\n 합니다.\n', '○ 다만, 「의약품 등의 안전에 관한 규정」 제24조제4항 및 「의약품 임상시험 계획 승인에\n 관한 규정」제10조제1항에 임상시험용의약품의 주성분 분량을 변경하거나 사용예가\n 없는 새로운 첨가제를 사용하는 경우 변경승인 대상이라고 규정하고 있습니다.\n 2 임상시험 관련 보고\n']"
30. 2021+임상시험+관련+자주묻는+질의응답.txt,"q9 임상시험 관련 보고의 종류
 임상시험계획승인을 받은 자(의뢰자)가 식약처장에게 제출해야 하는 보고는
",1,"['○ 의약품 임상시험 계획 승인을 받은 자가 식약처장에게 제출하여야 할 임상시험 관련\n 보고의 종류는 아래와 같습니다.\n 1. 최초 시험대상자 선정보고 : 국내에서 처음으로 임상시험 대상자가 등록된 일자, 실시\n 기관 등의 내용을 포함하여 등록한 일로부터 30일 이내 식약처장에게 제출\n 2. 최종 시험대상자 선정보고: 국내·외에서 마지막으로 임상시험 대상자가 등록된 일자를\n 선정한 일로부터 30일 이내 식약처장에게 제출\n 3. 임상시험실시상황보고 : 매년 임상시험실시상황에 대하여 임상시험 실시상황 보고서에 실\n 시현황 목록을 첨부하여 다음 해 3월 말까지 식약처장에게 제출\n 4. 임상시험 종료보고(최종 시험대상자 관찰 종료보고) : 모든 임상시험 대상자의 관찰\n 종료일부터 20일 이내 실시기관별 대상자의 최초 등록 일자, 수, 관찰 종료 일자 등의\n 내용을 포함하여 식약처장에게 제출\n 5. 임상시험 조기종료보고 : 임상시험 계획서에 따라 종료하지 못한 임상시험에 한하여\n 시험책임자 보고일자, 종료 예정일자, 조기종료 사유, 추적관찰 계획, 의약품 반납/폐기\n 계획 등의 내용을 포함하여 신속히 식약처장에게 제출\n 6. 임상시험 일시중지 및 재개 보고: 임상시험이 일시중지 및 재개된 경우 해당 사실과 조치계\n 획을 신속히 식약처장에게 제출\n 7. 최종결과보고: 최종 시험대상자(다국가 임상시험의 경우 국외 시험대상자를 포함한다)\n 관찰 종료일로부터 1년 이내 식약처장에게 제출(2019.10.26. 승인 받은 임상시험부터 적용)\n 8. 임상시험용 의약품의 안전성 관련 보고\n ① 안전성정보 보고 : 대상자의 안전을 위협하거나, 임상시험의 실시 여부에 영향을 미치\n 거나, 임상시험의 진행과 관련하여 심사위원회의 결정사항을 변경하게 할 만한 임\n 상시험용 의약품의 안전성에 관한 정보를 취득한 경우에는 식약처장에게 신속히 제출\n ② 중대하고 예상하지 못한 모든 약물이상반응(susar)는 사망을 초래하거나 생명을 위협\n 하는 경우에는 의뢰자가 해당 사실을 보고받거나 알게 된 날부터 7일 이내. 그 밖의\n 중대하고 예상하지 못한 약물이상반응의 경우에는 의뢰자가 해당 사실을 보고받거나\n 알게 된 날부터 15일 이내 식약처에 제출\n 9. 모니터링이나 점검을 통하여 시험자의 지속적인 위반 또는 중대한 위반이 확인된 경우\n 해당 임상시험실시기관의 임상시험 참여를 중지시키고, 그 사실을 식약처장에게 제출\n 10. 임상시험용 의약품의 임상개발이 중단된 경우 그 사실을 식약처장에게 제출\n ※ 각 보고는 의약품안전나라(https://nedrug.mfds.go.kr/) 전자보고신청으로 제출 바랍니다.\n']"
30. 2021+임상시험+관련+자주묻는+질의응답.txt,"q10 임상시험계획서 변경보고 대상
 임상시험계획서를 변경하고자 할 때, 식약처의 변경승인 없이 변경보고 후, 임상시험
 실시가 가능한 경우는?
",1,"['○ 「의약품등의 안전에 관한 규칙」 제24조제5항에 따라 변경보고 대상은 다음과 같습니다.\n 1) 임상시험실시기관 또는 임상시험검체분석기관의 변경\n 2) 시험책임자의 변경\n 3) 다음 어느 하나에 해당하는 변경으로 시험대상자의 안전 또는 시험결과의 신뢰성에\n 중대한 영향을 미치지 아니하는 변경\n - 시험모집단의 변경으로서 대상자수의 유의한 변경, 대상자 선정기준의 변경, 대상자\n 제외기준의 변경 또는 중도탈락 기준의 완화\n - 시험설계의 변경으로서 시험군 또는 대조군의 제외\n - 임상시험용의약품 정보의 변경으로서 기준의 완화, 시험항목의 삭제 또는 제조원의 변경\n - 안전성ㆍ유효성 평가기준의 변경으로서 평가변수의 변경\n 3의2) 시험군 또는 대조군의 추가\n 3의3) 임상시험 종료 및 조기중단 기준의 변경\n 3의4) 임상시험대상자에 대한 투약방법 및 투약기간의 변경\n 3의5) 임상시험용의약품에 대한 안전성ㆍ유효성 평가방법의 변경\n 4) 기타 탐색적 평가변수의 변경\n']"
30. 2021+임상시험+관련+자주묻는+질의응답.txt,"q12 임상시험용의약품의 추가 표시사항 부착
 임상시험용의약품의 추가 표시사항을 부착할 수 있는 제조소 기준은?
",2,"['○ 임상시험을 승인 받은 자는 임상시험용의약품 표시기재 관련 약사법령(「약사법」제\n 34조제3항제2호,「의약품 등의 안전에 관한 규칙」제30조제1항제9호 및 별표4의2\n 제8.4호,「의약품 제조 및 품질관리에 관한 규정」별표11 제7.7호)을 준수하여야 합니다.\n', '○ 사용(유효)기한의 변경이 필요한 경우에 추가 표시사항 부착은 동 규정 [별표11] 제\n 7.7호아목에 따라 적절한 제조소에서 실시되어야 하나, 정당한 사유가 있을 경우 실시\n 기관에서 관리약사가 실시할 수 있습니다.\n - 또한, \'21.4월 우리처에서 안내드린 ‘임상시험용의약품 표시기재 관리 방법 안내’에\n 따라 시판의약품을 임상시험용의약품으로 사용하는 경우 ""임상시험 목적으로만\n 사용가능하다는 표시""를 추가로 부착하고자 하는 경우에는 임상시험실시기관 관리\n 약사가 실시할 수 있습니다.\n - 아울러, 실시기관에서 상기의 추가 표시사항 부착작업을 수행하는 경우 의뢰자는 실\n 시기관이 적절히 업무를 수행 및 기록하도록 이중점검 등 문서화된 절차와 서식을 제공\n 하고 실시기관은 제공된 절차와 서식에 따라 적절히 수행하고 문서화하여야 합니다\n']"
30. 2021+임상시험+관련+자주묻는+질의응답.txt,"q13 관리약사 이외의 자의 임상시험용 의약품 관리
 관리약사 이외의 자의 임상시험용 의약품 관리
",1,"['○ 「의약품 등의 안전에 관한 규칙」 [별표 4] 제5호나목7)에 따라 임상시험실시기관의 장은\n 임상시험용 의약품의 적정한 관리를 위하여 해당 임상시험실시기관의 약사 중에서 관리\n 약사를 지정하여 임상시험용 의약품을 엄격히 관리하도록 규정되어 있으므로 원칙적으로\n 관리약사가 임상시험용의약품을 관리해야 합니다.\n - 다만, 임상시험의 특성에 따른 시험책임자의 요청을 받은 경우 심사위원회의 의견을 들어\n 시험책임자 또는 시험담당자로 하여금 임상시험용 의약품을 관리하게 할 수 있습니다.\n']"
30. 2021+임상시험+관련+자주묻는+질의응답.txt,"q14 임상시험용의약품 보관 방법
 임상시험용 의약품 보관시설(캐비넷, 냉장고, 냉동고 등)에 반드시 잠금장치를 하여야
 하는지
",1,"['○ 임상시험용 의약품은 관리약사에 의해 관리되어야 하며, 관리약사 외의 다른 사람의\n 접근이 제한되는 것이 바람직합니다. 만약, 관리약사만 출입 가능한 보관 장소에\n 임상시험용의약품을 보관하고 있다면 냉장고, 냉동고 등 보관시설에 추가적인 잠금\n 장치를 설치하지 않아도 됩니다.\n']"
30. 2021+임상시험+관련+자주묻는+질의응답.txt,"q15 반납된 임상시험용 의약품 관리 및 폐기
 임상시험 대상자로부터 반납받은 임상시험용 의약품의 관리
",2,"['○ 임상시험 대상자로부터 반납받은 임상시험용 의약품을 폐기하고자 하는 경우라면,\n 보관 온도 기록 관리는 필요하지 아니할 것으로 사료되나, 분실 등의 방지를 위하여\n 관리약사 외의 다른 사람의 접근이 제한되는 것이 바람직하여, 보관 상태에 대하여\n 관리약사가 주기적으로 관리하여야 합니다.\n', '○ 「의약품 등의 안전에 관한 규칙」 [별표 4] 제8호거목4)에 따라 임상시험 의뢰자는 임상\n 시험실시기관으로부터 반납받은 임상시험용 의약품을 폐기하고, 반납 및 폐기에 관\n 한 기록을 작성‧보관하여야 합니다.\n - 참고로, 폐기에 대한 객관적 근거자료 확보를 위하여 폐기사진을 찍을 것을 권장하고\n 있으며, 폐기 담당업체의 확인서, 폐기사진 등을 확보하여 실태조사 시 요청이 있는\n 경우 제공할 수 있도록 하는 것이 바람직합니다.\n']"
30. 2021+임상시험+관련+자주묻는+질의응답.txt,"q16 임상시험의약품 중 대조약 관리
 대조약의 경우 임상시험용 의약품 관리 기록을 하여야 하는지
",1,"['○ 대조약도 임상시험용 의약품이므로, 시험기관의 장이 지정한 관리약사는 대조약에\n 대하여 인수, 재고 관리, 대상자별 투약, 반납 등의 업무를 수행하고, 관련 사항을\n 문서화하여 이들 기록에 대한 추적이 가능하도록 하여야 합니다.\n']"
30. 2021+임상시험+관련+자주묻는+질의응답.txt,"q17 사용(유효)기간 변경
 임상시험용의약품의 ‘사용(유효)기간’을 변경하고자 하는 경우
",3,"['○ 임상시험용의약품의 사용기간을 임상시험계획 승인 받은 기간 보다 연장하고자 하는\n 경우, 「의약품 등의 안전에 관한 규칙」 제24조제4항제3호라목에 따라 식약처장의\n 변경승인을 받아야 합니다.\n', '○ 참고로 사용기간 연장을 적용하고자 할 때에는 「의약품 임상시험 계획 승인에 관한\n 규정」(식약처 고시) [별표 2] “임상시험용의약품 품질문서 작성방법”에 따른 사용\n 기간 연장안 및 안정성시험 이행서약 등을 제출하여 변경승인 받을 수 있으며,\n - 사용기간은 「의약품등의 안정성시험기준」[별표 3]을 준용하여 실온 보관 의약품의\n 경우 6개월간의 가속시험에서 동 규정 제3조제5항에 의한 유의성 있는 변화가\n 없으며, 장기보존시험자료에서 시간에 따른 변화 또는 변동이 없다면 장기보존 시험\n 기간에 12개월을 더한 기간을 넘지 않는 범위 내에서 장기보존 시험기간의 2배\n 기간까지 신청 가능합니다.\n', '○ 다만, 사용기간 변경이 없이 안정성 시험자료가 업데이트되는 경우에는 임상시험계획\n 변경승인이 불필요합니다.\n']"
30. 2021+임상시험+관련+자주묻는+질의응답.txt,"q18 비임상 시료의 제조 및 품질관리기준
 임상시험계획승인신청 준비 중인 비임상시료의 제조와 관련하여 제조 및 품질관리기
 준에 적합하게 생산되었음을 증명하는 자료를 제출하여야 하는지?
",1,"['○ 비임상시험을 위한 시료(시험물질)가 의약품 제조 및 품질관리기준(gmp)에 맞게 제\n 조되어야 하도록 규정하고 있지는 않으나,\n - 임상시험계획 승인 신청 시에는 「의약품 등의 안전에 관한 규칙」 제24조, 「의약품\n 임상시험 계획 승인에 관한 규정」(식약처 고시)제5조제4항 및 같은 고시 [별표 2]\n 또는[별표3] 품질문서 작성방법에 따라 비임상시험 시 사용된 배치의 제조공정과\n 차이가 있을 경우 문서화하며, 생물의약품의 경우 비임상시험에 사용된 시험물질과\n 임상시험용의약품 간의 비교동등성 평가결과를 제출하여야 합니다.\n']"
30. 2021+임상시험+관련+자주묻는+질의응답.txt,"q19 임상시험용의약품의 제조 및 품질관리기준
 임상시험을 실시하기 위해 의약품을 제조할 때 사용되는 원료의약품과 완제의약품은
 이미 gmp 적합판정서를 보유한 제조원에서 생산해야 하는지?
",2,"['○ 임상시험용의약품(완제 및 원료의약품을 포함)은 「약사법」 제31조제6항에 따른 제\n 조업허가 또는「의약품등의 안전에 관한 규칙」 제48조의2에 따른 제조 및 품질관\n 리 적합판정서를 받지 않아도 제조 가능합니다.\n', '○ 다만, 「의약품 등의 안전에 관한 규칙」 제24조 및 제30조에 따라 임상시험용의약\n 품(완제 및 원료의약품을 포함)은 [별표1], [별표3], [별표4의2] 등 의약품 제조 및\n 품질관리기준(gmp)에 적합하게 제조되어야 하며,\n - 임상시험계획 승인신청 시 임상시험용의약품이 상기 제조 및 품질관리기준(gmp)\n 에 적합하게 제조되었음을 증명하는 서류 또는 자료(「의약품 등의 안전에 관한\n 규칙」 제24조제1항3호)를 제출하여야 하고,\n - 이 자료는「의약품 임상시험 계획 승인에 관한 규정」(식약처고시) 제5조에 따라 제\n 조 및 품질관리 적합판정서 등으로 갈음 될 수 있습니다.\n']"
30. 2021+임상시험+관련+자주묻는+질의응답.txt,"q20 세포치료제 임상시험용의약품 제조업허가
 의약품 관련 제조업을 보유하지 않은 업체가 세포치료제(첨단바이오의약품) 임상시험용
 의약품을 제조하기 위해 제조업허가가 필요한지
",1,"['○ 「약사법」제34조에 따른 임상시험용의약품의 경우 같은 법 제31조제6항에 따라 제\n 조업허가를 받지 않아도 제조 가능합니다.\n ※ 단, 제조 및 품질관리기준(gmp)에 맞게 제조되어야 함\n']"
30. 2021+임상시험+관련+자주묻는+질의응답.txt,"q21 제조 및 품질에 관한 자료 허여서
 타사 의약품으로 임상시험을 하기 위해 품질 자료 사용 허여서를 제출하여 임상시험
 계획 승인을 받은 경우, 추후 변경승인 사항도 지속적으로 갈음될 수 있는지
",1,"['○ 임상시험계획승인 신청 시 기존 임상시험을 승인받은 자(의뢰자) 또는 의약품 품목\n 허가를 받은 자로부터 자료 사용 허여를 통해 제출자료를 갈음할 수 있으며,\n - 자료 사용 허여서에 “추후 변경이 있는 경우 변경 내용 포함”이라고 기재되어 있다면,\n 임상시험용의약품 품질문서(impd) 변경 시 허여서를 update 하지 않고 동 허여서를\n 제출하면 인정 가능합니다.\n']"
30. 2021+임상시험+관련+자주묻는+질의응답.txt,"q22 임상시험용의약품 안정성시험
 임상시험용의약품 제조 및 품질관리기준 제출자료와 관련하여 안정성시험 제조단위는
 3개 배치에 대해 수행하여야 하는지
",1,"['○ 「의약품 등의 안전에 관한 규칙」 [별표 4의2] 9.3 안정성 시험 가목에 따라, 안정성\n 시험은 자체 수립한 계획 또는 규칙 제24조제1항에 따라 식약처장에게 제출한 안\n 정성 시험계획에 따라 실시하여야 하고,\n - 같은 항 나목에 따라 임상시험용의약품은 1개 이상의 제조단위에 대하여 장기보존\n 시험 등을 하여야 합니다.\n 4 임상시험용 의약품 표시기재 및 포장\n']"
30. 2021+임상시험+관련+자주묻는+질의응답.txt,"q23 사용(유효)기한 변경 시 표시기재 방법
 임상시험용의약품 사용(유효)기한 변경 시 표시기재 방법은?
",1,"['○ 「의약품 제조 및 품질관리에 관한 규정」(식약처 고시) [별표 11] 제7.7호 사목에\n 따라 사용(유효)기한의 변경이 필요한 경우 추가로 표시할 수 있으며, 추가로 표시\n 하고자 하는 경우 새로운 사용(유효)기한 및 최초의 배치번호를 동일하게 표시하\n 되 품질관리를 위해 최초의 배치번호 위에는 표시하지 않도록 해야 합니다.\n - 추가 표시사항 부착 작업은 의약품 제조 및 품질관리 원칙과 표준작업지침서(sop)\n 에 따라 적절한 교육훈련을 받은 직원이 수행하되, 다른 직원이 2차 확인을 실시\n 하여야 하며, 제조기록서에 적절하게 문서화 하고,\n - 실수를 방지하기 위해 다른 활동으로부터 구획되거나 분리된 구역에서 수행 하며,\n 작업 시작 및 종료 시 이전의 제조단위 표시자재를 제거하고, 수량을 확인하여야\n 하며, 수량 확인 시 불일치사항이 발견되는 경우 출하 승인 전 조사 및 규명될 수\n 있도록 조치하시기 바랍니다.\n']"
30. 2021+임상시험+관련+자주묻는+질의응답.txt,"q24 1차 포장 표시기재 항목 면제 범위
 1차 포장에 표시기재가 어려운 경우, 2차 포장에만 표시기재 가능한지?
",2,"['○ 임상시험의뢰자는 「약사법」제34조, 「의약품 등의 안전에 관한 규칙」 제30조제1항\n 제9호 및 같은 규칙 [별표1], [별표3], [별표3의2], [별표3의3], [별표3의4] 및 [별표\n 4의2], 「의약품 제조 및 품질관리에 관한 규정」(식약처 고시) [별표 11]을 준수하여\n 임상시험용의약품을 제조하고 사용하여야 합니다.\n', '○ 따라서, 상기 고시 [별표 11] 제7.7호 마목에 따라 1차 포장의 기재면적이 좁아 가목\n 에서 정하고 있는 항목(임상시험용의약품의 명칭, 배치번호, 의뢰자 명칭, 주소 및 전\n 화번호, 사용(유효)기한, 보관조건 등) 전부를 기재하는 것이 어려운 경우라면 일부\n 기재항목 생략이 가능하며, 이 경우 2차 포장에는 모든 항목을 기재하여야 합니다.\n']"
30. 2021+임상시험+관련+자주묻는+질의응답.txt,"q25 표시기재 항목 중 주 연락처의 주소, 전화번호
 임상시험용의약품 표시기재 항목 중 주 연락처의 주소, 전화번호는 의뢰자의 연락처로
 기재해야 하는지?
",2,"['○ 「의약품 제조 및 품질관리에 관한 규정」(식약처 고시) [별표 11] 제7.7호 나목에\n 따라 임상시험용의약품 표시기재에서 임상시험대상자에게 임상시험용의약품, 임상\n 시험 또는 응급 눈가림 해제 관련 사항을 문의할 수 있는 주 연락처의 주소, 전화\n 번호 등을 포함한 별도의 인쇄물(예: 설명문 등) 또는 카드를 제공하는 경우에는\n 가목 4) 의뢰자의 주소, 전화번호를 생략할 수 있으며,\n', '○ “주 연락처”는 임상시험 대상자에게 임상시험용의약품, 임상시험 또는 응급 눈가림\n 해제 관련 사항을 문의할 수 있는 의뢰자(임상시험계획 승인을 받은 자)의 연락처를\n 기재하여야 합니다.\n']"
30. 2021+임상시험+관련+자주묻는+질의응답.txt,"q26 임상시험을 식별할 수 있는 참조 코드(reference code)
 임상시험용의약품 표시기재 항목 중 임상시험을 식별할 수 있는 참조 코드(reference
 code)는 임상시험 계획서 번호를 의미하는 지?
",1,"['○ 「의약품 제조 및 품질관리에 관한 규정」(식약처 고시) [별표 11] 제7.7호 가목8)에\n 따른 “임상시험을 식별할 수 있는 참조 코드(reference code)”는 일반적으로 임상\n 시험 계획서 번호를 기재하나, 임상시험을 식별하기 위해 의뢰자가 정한 코드로서\n 특별한 형식이 정해져 있는 것은 아닙니다.\n - 따라서, 임상시험 의뢰자는 임상시험용의약품 표시기재의 목적, 수행하고자 하는\n 임상시험의 특성이나 설계 등을 고려하여 참조 코드를 사용할 수 있으나, 임상시험\n 실시기관의 조제 과정에서 오·투약이나 혼동의 우려가 제기되지 않고, 추적성을\n 확보 가능하도록 표시 하여야 합니다.\n']"
30. 2021+임상시험+관련+자주묻는+질의응답.txt,"q27 임상시험용 의약품 표시기재 변경 방법
 임상시험 진행 중 임상시험계획승인받은자(임상시험 의뢰자)가 변경된 경우 해당 임상
 시험용의약품의 의뢰자 정보 변경 방법은?
",4,"['○ 임상시험의뢰자는 임상시험계획(변경)승인 사항에 따라 제조(포장 및 표시기재 작업\n 포함)된 임상시험용의약품을 사용하여야 하므로, 신속하게 변경승인받은 사항에\n 따라 표시기재 작업을 수행하여 임상시험용의약품을 임상시험실시기관에 제공하\n 여야 합니다.\n', '○ 따라서, 임상시험실시기관에 제공되기 전 제조시설(gmp)에 보관 중인 임상시험용\n 의약품의 표시기재 사항 중 의뢰자 정보가 변경된 경우,\n - (변경)승인받은 임상시험 계획, 「의약품 등의 안전에 관한 규칙」 제30조, [별표 4\n 의2] 제8.4호 및 「의약품 제조 및 품질관리에 관한 규정」(식약처 고시) [별표 11]\n 제7.7호, 자사 표준작업지침서 등에 따라 변경된 의뢰자 정보를 임상시험용의약품\n 에 표시기재하여 임상시험실시기관에 제공하여야 합니다.\n', '○ 다만, 상기 정보 변경승인 전에 제조·수입된 임상시험용의약품이 임상시험실시기관\n 에 제공된 경우에는 별도의 표시기재 변경 없이 임상시험용의약품 사용자 및 대\n 상자 등의 혼동이 없도록 별도 인쇄물(예: 설명문 등)을 제공하는 등 적절한 방법\n 으로 안내하여 사용 가능할 것으로 사료됩니다.\n', '○ 참고로, 임상시험의뢰자는 「약사법」 제34조 및 「의약품 등의 안전에 관한 규칙」\n 제30조 제1항 제9호에 따라 별표 4의2의 기준 등에 맞게 제조된 임상시험용의약\n 품을 사용하여야 하며,\n - 같은 규칙 [별표 4의2] 제8.4호(표시기재 등) 등에 따라 임상시험용의약품의 용기나\n 포장에는 대상자의 보호, 임상시험용의약품의 식별, 추적가능성 확보 등을 위해 임\n 상시험 목적으로 사용가능하다는 표시, 의뢰자 명칭, 배치번호, 식약처장이 정하여\n 고시한 표시 및 기재사항 등을 의무적으로 기재해야 합니다.\n']"
30. 2021+임상시험+관련+자주묻는+질의응답.txt,"q28 앰플 등 작은 용기 표시기재 방법
 1차 포장(앰플 등) 면적이 좁아 표시가 곤란한 경우 표시하는 방법은?
",1,"['○ 「의약품 등의 안전에 관한 규칙」 제30조, [별표 4의2] 제8.4호 및 「의약품 제조 및\n 품질관리에 관한 규정」(식약처 고시) [별표 11] 제7.7호 마목에 따라 아래 내용만\n 기재할 수 있으며, 2차 포장에는 같은 규정 별표 11 제7.7호 가목에 따른 전체 항목들이\n 반드시 기재되어야 합니다.\n - 임상시험 목적으로만 사용가능하다는 문구(예: “임상시험용”)\n - 임상시험용의약품 명칭 또는 식별표시(눈가림시험의 경우 시험약과 대조약 병기,\n 공개시험은 해당 군만 기재). 필요한 경우 제형, 투여경로, 수량, 주성분의 함량\n 또는 역가 등을 포함시킨다.\n - 내용물과 포장작업을 식별할 수 있는 배치번호 또는 코드번호\n - 의뢰자(임상시험 계획 승인을 받은 경우는 계획 승인을 받은 자) 명칭\n - 임상시험을 식별할 수 있는 참조 코드(reference code). 다만, 임상시험 의뢰자가\n 필요하다고 판단하는 경우 실시기관, 연구자 및 의뢰자를 식별할 수 있는 참조\n 코드를 기재할 수 있다.\n - 대상자 식별 번호(subject identification number), 임상약 번호(treatment\n number), 방문 번호(visit number). 다만, 의뢰자가 해당 임상시험의 특성등을\n 고려하여 기재 불필요의 특수성을 인정한 경우에는 문서화하고 이를 생략할 수 있다.\n - 사용(유효)기한. 다만, 중앙 전산 무작위배정시스템(centralized electronic\n randomization system) 사용 등으로 중앙에서 사용(유효)기한 관리가 가능한\n 경우 생략할 수 있다.\n 5 임상시험심사위원회 심사\n']"
30. 2021+임상시험+관련+자주묻는+질의응답.txt,"q29 최초 심사 시 임상시험심사위원회 위원의 구성 요건
 임상시험계획서에 대한 최초 심사 시 임상시험심사위원회 위원의 구성 요건
",1,"['○ 다음과 같이 「의약품 등의 안전에 관한 규칙」 [별표 4] 제6호나목1)에 따른 임상시험\n 심사위원회 위원이 모두 참석하여야 합니다.\n - 심사위원회는 임상시험의 윤리적·과학적·의학적 측면을 검토·평가할 수 있는 경험과\n 자격을 갖춘 5명 이상의 위원으로 구성하되, 위원은 임상시험실시기관의 장이 위촉\n 한다. 이 경우 의학·치의학·한의학·약학 또는 간호학을 전공하지 않은 사람 1명 이상과\n 해당 임상시험실시기관과 이해관계가 없는 사람 1명 이상이 위원에 포함되어야 한다.\n']"
30. 2021+임상시험+관련+자주묻는+질의응답.txt,"q30 임상시험 대상자에게 제공되는 문서의 임상시험심사위원회 심사
 대상자에게 제공되는 문서 중 방문일정·장소 안내문 등도 임상시험심사위원회 심사를
 받아야 하는지
",2,"['○ 「의약품 등의 안전에 관한 규칙」 [별표 4]에 따라, 시험대상자에게 제공되는 서면정보에\n 대해서는 시험책임자가 임상시험 실시 전에 임상시험심사위원회에 제출하고 임상\n 시험심사위원회의 승인을 받아야 합니다.\n', '○ 다만, 환자 방문 일정 등으로 추가로 알리고자 하는 내용의 경우, 동일한 내용이 임상\n 시험심사위원회로부터 승인 받은 시험대상자 설명서 등에 포함되어 있다면 임상시험\n 심사위원회로부터 심사를 받지 않아도 될 것으로 판단됩니다.\n']"
30. 2021+임상시험+관련+자주묻는+질의응답.txt,"q31 임상시험 대상자 모집 광고 심사
 온라인 모집 매체를 통한 임상시험 대상자 모집 공고 가능 여부
",1,"['○ 「의약품 등의 안전에 관한 규칙」 [별표 4]에 따라, 대상자 확보 방법(광고 등 포함)\n 등에 대해 시험책임자는 임상시험 실시 전에 임상시험심사위원회에 제출하고 임상\n 시험심사위원회로부터 윤리적 타당성에 대한 승인을 득한 후 공고를 할 수 있으며,\n - 임상시험심사위원회에서는 우리처에서 배포한 ‘임상시험(생동성시험 포함) 대상자\n 모집 관련 유의사항’에 따라 심사하시기 바랍니다.\n']"
30. 2021+임상시험+관련+자주묻는+질의응답.txt,"q32 시험책임자 변경 시 심사대상 여부
 시험책임자 변경이 임상시험심사위원회 심사 대상인지
",1,"['○ 「의약품 등의 안전에 관한 규칙」 [별표 4] 제6호가목3)에 따라, 임상시험심사위원회는\n 시험책임자가 해당 임상시험을 수행하기에 적합한 경험과 자격을 갖추었는지를 검\n 토하여야 하므로, 시험책임자 변경 시 반드시 irb의 승인을 받아야 합니다.\n 6 시험대상자 동의 및 보호\n']"
30. 2021+임상시험+관련+자주묻는+질의응답.txt,"q33 임상시험 대상자 동의서 및 설명문 변경
 임상시험 중 시험대상자 동의 및 설명문 등이 변경된 경우 재동의를 받아야 하는지
",1,"['○ 「의약품 등의 안전에 관한 규칙」 [별표 4] 제7호아목2)에 따라 대상자의 동의에 영향을\n 줄 수 있는 새로운 임상시험 관련 정보를 취득한 경우에는 동의서 서식, 시험대상자\n 설명서, 그 밖의 문서화된 정보를 이에 따라 수정하고, 대상자에게 해당 서식 및 문\n 서를 제공하기 전에 심사위원회의 승인을 받아야 한다. 이 경우 시험책임자는 제때\n 대상자 또는 대상자의 대리인에게 이를 알리고, 고지 대상자, 고지 일시 및 고지 내용을\n 기록하여야 한다.\n - 따라서, 임상시험 실시 중 동의서 서식이 변경되거나, 시험대상자에게 제공된 문서\n 정보의 변경이 있는 경우에는 변경일 기준 다음 방문일에 변경 내용을 시험대상자\n 에게 충분히 설명하고, 시험책임자(또는 시험담당의사)와 시험대상자는 변경동의서에\n 서명하고 해당 날짜를 자필로 적어야 합니다.\n']"
30. 2021+임상시험+관련+자주묻는+질의응답.txt,"q34 시험대상자 동의 위임 가능 여부
 의사, 치과의사, 한의사가 아닌자가 시험책임자의 위임을 받아 대상자 동의·설명서의
 내용 일부를 시험대상자에게 설명하고 동의서에 서명해도 되는지
",3,"['○ 시험대상자 동의는 시험책임자 또는 시험책임자의 위임을 받은 의사, 치과의사, 한\n 의사가 시험대상자 동의 설명 및 동의 취득을 하도록 정하고 있습니다.\n', '○ 「의약품 등의 안전에 관한 규칙」 [별표 4] 제7호아목7) 및 8)에 따라 시험대상자의 임상\n 시험 참여 전 시험책임자 또는 시험책임자의 위임을 받은 의사, 치과의사, 한의사는\n 시험대상자가 임상시험의 세부사항에 대해 질문하고 해당 임상시험의 참여 여부를\n 결정할 수 있도록 충분한 시간과 기회를 주어야 하며, 임상시험과 관련한 모든 질문\n 에 대하여 시험대상자에게 성실하게 답변할 수 있어야 합니다.\n', '○ 따라서, 시험대상자 동의 취득을 의사, 치과의사, 한의사가 아닌 연구간호사 등에게\n 위임할 수 없습니다.\n']"
30. 2021+임상시험+관련+자주묻는+질의응답.txt,"q35 외국인 임상시험 참여 동의
 임상시험 참여자가 외국인인 경우, 동의 절차 진행 시 통역자 등이 입회자로 참석해야 하는지?
 한국어를 유창하게 하고 서면 동의서를 이해할 수 있다면 한국어 동의서 사용 가능한지?
",3,"['○ 외국인이 임상시험에 참여하여 동의를 받는 경우 동의서 서식, 대상자 설명서 및\n 그 밖에 문서화된 정보는 대상자가 이해할 수 있는 언어로 제공되어야 합니다.\n - 또한, 해당 임상시험에 대해 대상자가 충분히 이해할 수 있도록 임상시험 설명, 질\n 의사항에 대한 답변 등이 가능하도록 하여야 하며 필요시에는 통역자 등이 입회\n 자로 참석하는 환경을 조성하는 것이 바람직할 것입니다.\n', '○ 다만, 대상자의 동의 전체 과정에 통역자 등이 입회자로 참여하는 경우에는 대상\n 자가 이해할 수 있는 언어로 작성된 요약된 형태의 동의·설명문을 제공하는 것이\n 가능하며, 입회자는 대상자가 해당 임상시험에 대해 충분히 이해하고 동의하는지\n 에 대해 확인하여야 합니다.\n - 입회자의 적절성 여부와 관련하여 기관 내에서 자체적으로 입회자에 대한 구체적\n 이고 적절한 기준을 설정하거나, 임상시험심사위원회가 대상자 동의와 관련된 사\n 항을 심사하는 과정에서 적절성 여부를 판단하면 될 것으로 사료됩니다.\n', '○ 아울러, 임상시험 참여자가 외국인이지만 한국어를 유창하게 하고 서면 동의서를\n 이해할 수 있다면 한국어 동의서를 사용할 수 있으나, 참여자의 한국어 이해력 등\n 을 확인할 수 있도록 임상시험심사위원회가 동의 절차의 적정성을 심사하고 관련\n 근거문서 등을 확보하시기 바랍니다.\n']"
30. 2021+임상시험+관련+자주묻는+질의응답.txt,"q36 집단시설 수용 중인 자의 범위
 「약사법」 제34조의2제3항제1호에서 집단시설에 수용 중인 자의 범위
",2,"['○ 「약사법」 제34조의2제3항제1호에서 말하는 “총리령으로 정하는 집단시설”은 「의\n 약품 등의 안전에 관한 규칙」 제27조(집단시설)에서 세부적으로 정하고 있으며,\n - 따라서, 집단시설에 수용 중인 자란 「의약품 등의 안전에 관한 규칙」 제27조에 따른\n 집단시설에 수용 중인 자를 말합니다.\n', '○ 참고로, 「의약품 등의 안전에 관한 규칙」 제27조에 따른 집단시설에 수용 중인 자는\n 임상시험 대상자로 선정하여서는 아니 됩니다.\n']"
30. 2021+임상시험+관련+자주묻는+질의응답.txt,"q37 취약한 환경에 있는 시험대상자
 시험책임자와 직접 관련이 없는 병원 직원도 취약한 시험대상자에 해당하는지?
",2,"['○ 「의약품 등의 안전에 관한 규칙」 [별표 4] 제2호더목에 따라 “취약한 환경에 있는 시험\n 대상자”란 임상시험 참여를 거부하는 경우 조직 위계상 상급자로부터 받게 될 불이\n 익에 대한 우려가 자발적인 참여 결정에 영향을 줄 가능성 등이 있는 대상자를 말\n 하며, 제6호가목1)에 따라 임상시험심사위원회는 취약한 환경에 있는 시험대상자의\n 임상시험 참여 이유가 타당한지 검토하여야 합니다.\n', '○ 시험연구자와 동일 소속기관으로 업무와 직접적인 관련이 없는 직원일지라도, 임상\n 시험책임자 및 임상시험담당자 등으로 부터 받게 될 불이익에 대한 우려가 자발적인\n 참여 결정에 영향을 줄 가능성 등이 있을 경우 취약한 환경에 있는 시험대상자로\n 분류하는 것이 바람직합니다.\n']"
30. 2021+임상시험+관련+자주묻는+질의응답.txt,"q38 대리인의 동의
 배우자가 생존해 있는 경우 배우자 대신 직계존속이 대리인으로 동의서명이 가능한지?
",2,"['○ 「약사법」 제34조의2제3항제2호 및 제3호에 따라 임상시험대상자가 이해능력ㆍ의사\n 표현능력의 결여 등의 사유로 동의를 받을 수 없는 경우,\n - 법정대리인이 없는 경우 배우자, 직계존속, 직계비속의 순으로 하되, 직계존속 또는\n 직계비속이 여러 사람일 경우 협의하여 정하고, 협의가 되지 아니하면 연장자를\n 대리인으로 정해 서면 동의 받아야 하며,\n - 대리인의 동의는 임상시험대상자의 의사에 어긋나서는 아니 됩니다.\n', '○ 따라서, 법정대리인이 없고 배우자가 생존해 있는 경우에는 임상시험(참여하려는)대상자의\n 배우자가 대리인으로 동의하여야 합니다.\n - 다만, 임상시험실시기관(시험책임자 등)은 해당 배우자가 임상시험 참여 동의 과정에\n 참석하기 어려워 대리인으로서 서면 동의 과정을 거부한 의사를 명확하게 서면 등\n 을 통해 증명하고 임상시험대상자의 의사에도 어긋나지 않는 경우라면 상기 법령에\n 서 정한 다음 순의 사람에게 서면 동의 받을 수 있습니다.\n - 이 경우 해당 배우자의 신분에 대해(대상자와의 관계) 증명할 수 있는 문서(가족관계\n 증명서 등)를 통해 반드시 확인하여야 하며 그 문서 등도 보관하는 것이 바람직 할\n 것이며, 배우자 다음 순의 사람(직계존속)의 서면 동의 자격 여부에 대해서도 상기와\n 같은 확인이 필요할 것입니다.\n 7 임상시험의 책임 한계 및 업무 위임\n']"
30. 2021+임상시험+관련+자주묻는+질의응답.txt,"q39 병원개설자의 임상시험실시기관장 역할 가능여부
 의료기관장(병원장)이 아닌 병원개설자가 임상시험실시기관의 장의 역할을 할 수 있는지
",2,"['○ 「의약품 등의 안전에 관한 규칙」 [별표 4] 제5호나목에 임상시험시험기관의 장의 임무\n 등이 규정되어 있으며, 병원개설자가 「의약품 등의 안전에 관한 규칙」 [별표 4] 에서\n 정한 시험기관의 장의 임무를 담당하게 된다면, 의뢰자와 개설자가 계약 등 시험기관장의\n 역할을 수행할 수 있습니다.\n', '○ 참고로, 의료기관장 또는 의료기관 개설자가 임상시험실시기관의 장의 역할을 수행\n 하는 것이 가능합니다.\n']"
30. 2021+임상시험+관련+자주묻는+질의응답.txt,"q40 시험책임자 부재 시 업무 위임
 시험책임자가 해외연수 등으로 부재 중인 경우 시험담당자에게 업무 위임이 가능한지
",2,"['○ 시험책임자 부재 시 시험책임자 변경절차 없이 시험담당자가 시험책임자의 업무를\n 위임받아 임상시험 업무를 지속하는 것은 타당하지 않을 것으로 판단되며,\n', '○ 적절한 시험담당자로 하여금 시험책임자의 업무를 수행토록 할 수는 있겠으나 이러한\n 경우 irb는 해당 시험담당자가 시험책임자로서 임상시험을 수행하기에 적합하지\n 여부를 반드시 검토하여야 할 것입니다.\n']"
30. 2021+임상시험+관련+자주묻는+질의응답.txt,"q41 비눈가림 시험담당자의 업무 범위
 비눈가림 시험담당자(unblind sub-i)가 눈가림시험담당자(blind sub-i) 또는 눈가림시험
 책임자(blind pi) 업무를 수행하는 것이 가능한지?
",1,"['○ 눈가림, 비눈가림 업무 담당자를 구분하여 눈가림을 유지해야 하는 임상시험의 경우,\n 임상시험 중에 비눈가림 상태에서 임상시험 관련 업무를 진행했던 시험담당자를 눈가림\n 상태를 유지해야하는 임상시험책임자로 변경하여 업무를 진행하는 것은 적절하지 않습니다.\n']"
30. 2021+임상시험+관련+자주묻는+질의응답.txt,"q42 시험책임자가 연구간호사에게 위임하는 업무 범위
 시험책임자가 연구간호사에게 업무를 위임하는 범위
",6,"['○ 시험담당자는 시험책임자의 위임 및 감독 하에 임상시험과 관련된 업무를 담당하거나\n 필요한 사항을 결정하는 의사, 치과의사, 한의사 및 기타 임상시험에 관여하는 사람을\n 의미합니다.\n', '○ 시험담당자는 해당 임상시험을 적정하게 실시할 수 있기 위해 필요한 교육, 훈련을\n 받고 충분한 경험을 갖고 있어야 할 뿐만 아니라 임상시험계획서, 임상시험자 자료집\n 등에 대해서도 숙지하고 있어야 합니다.\n', '○ 임상시험 관련 규정에서 시험책임자의 업무 위임 범위에 대하여 별도로 정하고 있지는\n 않으나, 대상자에 대한 의학적 처치나 결정은 시험책임자 또는 시험책임자의 위임을\n 받은 의사, 치과의사, 한의사의 책임 하에 이루어져야 하고, 모든 의학적 결정 또한\n 의사, 치과의사, 한의사이 하여야 하며, 대상자의 동의 취득도 의사, 치과의사, 한의사가\n 하여야 합니다.\n', '○ 따라서 상기 내용이 포함되는 업무에 대하여는 연구간호사에게 위임하여서는 아니\n 되며, 상기 내용이 아니더라도 의료법에서 금지하는 행위는 연구간호사에게 위임할\n 수 없습니다.\n', '○ 또한, 근거문서의 기록, 증례기록서의 작성 및 수정 등의 업무도 업무범위를 명확히\n 하여 시험담당자에게 위임할 수 있으나, 시험책임자는 의뢰자에게 보고하는 증례기\n 록서의 적합성 등을 보증하여야 하므로, 증례결론 등에 대한 부분은 시험책임자가\n 최종 확인 서명하여야 합니다.\n', '○ 참고로, 신체 검사(활력징후)는 의사, 치과의사, 한의사의 책임 하에 수행되고 그에\n 대한 처치와 감독이 적절히 이루어진다면 시험책임자로부터 위임을 받은 연구간호\n 사가 수행하는 것도 가능할 것으로 사료됩니다.\n']"
30. 2021+임상시험+관련+자주묻는+질의응답.txt,"q43 신규 관리약사 등에 대한 교육
 신규 관리약사 등에 대한 임상시험 관련 교육을 반드시 시험책임자나 모니터요원이
 교육을 해야 하는지?
",2,"['○ 임상시험실시기관의 장이 임상시험용의약품 관리약사를 지정하여 운영토록 하고 있\n 으며, 관리약사에 대해 교육할 수 있는 자를 임상시험책임자 등으로 한정하고 있지는\n 않습니다.\n - 따라서 해당 임상시험에 대해 충분한 지식 등을 갖춘 관리약사가 신규 관리약사에 대해\n 교육하는 것도 가능할 것입니다.\n', '○ 아울러, 「의약품 등의 안전에 관한 규칙」 [별표 4] 제3호아목에 따라 임상시험 수행에\n 참여하는 모든 사람들은 각자의 업무 수행에 필요한 적절한 교육과 훈련을 받고 해당\n 업무 분야와 관련한 경험을 갖고 있어야 하며.\n - 임상시험의뢰자는 임상시험의 특성을 고려하여 신규 관리약사가 해당 임상시험용의\n 약품을 적절하게 관리할 수 있도록 교육과 훈련을 받도록 하는 등 그에 따른 품질\n 관리체계를 확보하여야 합니다.\n 8 임상시험 이상약물반응보고 및 안전성정보 보고\n']"
30. 2021+임상시험+관련+자주묻는+질의응답.txt,"q44 임상시험 이상반응 보고 대상
 의약품 임상시험 이상반응의 보고 대상
",1,"['○ 「의약품 등의 안전에 관한 규칙」 [별표 4]의 제8호러목에 따르면,\n - 의약품의 경우, 의뢰자(연구자 임상시험의 경우 연구자)는 시험자, irb(시험책임자가\n irb에 보고하지 않았거나 보고한 사항을 변경할 필요가 있는 경우만 해당한다) 및\n 식약처장에게 중대하고 예상하지 못한 모든 이상약물반응(susar, suspected\n unexpected serious adverse drug reaction)을 보고하여야 합니다.\n - “중대한 이상약물반응”이란 임상시험용 의약품의 임의 용량에서 발생한 이상약물반응\n 중에서 다음 어느 하나에 해당하는 경우입니다.\n 1. 사망하거나 생명에 대한 위험이 발생한 경우\n 2. 입원할 필요가 있거나 입원 기간을 연장할 필요가 있는 경우\n 3. 영구적이거나 중대한 장애 및 기능 저하를 가져온 경우\n 4. 태아에게 기형 또는 이상이 발생한 경우\n - 다만, 환자를 위태롭게 하거나 중대한 이상반응에 해당하는 증상이 발생되지 못하도록\n 조치가 필요한 기타 중대한 의학적 사건의 경우 보고하여야 합니다.\n 예) 알레르기성 기관지 수축으로 인한 집이나 병원 응급실에서의 집중 치료, 혈액 질환\n 이나 입원을 초래하지 않는 발작, 약물 의존성 또는 약물 남용으로 발전되는 경우\n']"
30. 2021+임상시험+관련+자주묻는+질의응답.txt,"q45 대조약 또는 위약의 susar
 대조약 또는 위약의 susar 발생 시 보고해야 하나요?
",1,"['○ 대조약은 임상시험용 의약품으로, 대조약에 의한 susar 발생한 경우에는 시험약과\n 동일하게 기한 내에 식약처로 보고하여야 합니다.\n - 다만, 위약에 관련된 susar는 보고할 의무는 없습니다.\n']"
30. 2021+임상시험+관련+자주묻는+질의응답.txt,"q46 약물이상반응 보고 기한
 이상반응의 보고 시기
",1,"['○ 「의약품 등의 안전에 관한 규칙」 [별표 4]의 제8호러목에 따르면,\n - 의약품의 경우, 의뢰자(연구자 임상시험의 경우 연구자)는 시험자, irb(시험책임자가\n irb에 보고하지 않았거나 보고한 사항을 변경할 필요가 있는 경우만 해당한다) 및\n 식약처장에게 중대하고 예상하지 못한 모든 이상약물반응을 다음의 구분에 따른 기\n 한 내에 보고하여야 합니다.\n 1. 사망을 초래하거나 생명을 위협하는 경우 : 의뢰자가 해당 사실을 보고받거나 알게\n 된 날부터 7일 이내(이 경우 의뢰자는 이상약품반응에 대한 상세한 정보를 최초\n 보고일로부터 8일 이내에 추가로 보고하여야 함)\n 2. 그 밖의 중대하고 예상하지 못한 이상약물반응의 경우 : 의뢰자가 해당 사실을 보고\n 받거나 알게 된 날부터 15일 이내\n']"
30. 2021+임상시험+관련+자주묻는+질의응답.txt,"q47 약물이상반응보고 종료시점
 약물이상반응 보고의 종료시점
",2,"['○ 의뢰자의 임상시험 중 이상약물반응 및 안전성보고의 기간은 해당 이상약물반응의\n 소실이 장기화 될 경우, 의뢰자의 이상약물반응 보고의 추적조사 관리가 어려운 점을\n 감안하여, 일반적으로 임상시험의 완료(임상시험계획서가 정한 국내 및 다국가 임상\n 시험 대상자의 추적관찰기간을 포함)시점까지는 보고하는 것이 일반적인 것으로 볼\n 수 있습니다.\n', '○ 다만, 국내 임상시험 종료 이후라도 시험자에 의해 중대하고 예상하지 못한 이상약\n 물반응이 임상시험 대상자의 안전 관련 신속보고 사항으로 보고될 경우, 의뢰자는\n 인과관계의 평가 등을 통해 신속보고 여부를 결정하여 식약처에 보고하여야 될 것\n 으로 판단됩니다.\n']"
30. 2021+임상시험+관련+자주묻는+질의응답.txt,"q48 임상시험 안전성 신속보고 대상
 의약품의 임상시험 중 신속히 보고되어야 할 안전성 정보
",1,"['○ 「의약품 등의 안전에 관한 규칙」 [별표 4] 제8호더목에 따라\n - 의뢰자는 임상시험용 의약품의 안전성에 대한 평가를 지속적으로 실시하여야 하며,\n - 임상시험 대상자의 안전을 위협하거나, 임상시험의 실시여부에 영향을 미치거나,\n irb의 결정사항을 변경해야할 만한 임상시험용 의약품의 안전성에 관한 정보를 취\n 득한 경우에도 시험자 및 식약처장에게 이를 신속히 보고하여야 합니다.\n - 구체적인 의약품 임상시험 안전성 정보 신속보고 대상 등은 “의약품 임상시험 의뢰\n 자의 안전성 평가 및 보고 시 고려사항(민원인 안내서)”를 참고하시기 바랍니다.\n']"
30. 2021+임상시험+관련+자주묻는+질의응답.txt,"q49 중대한 약물이상반응(sae) 발생 시점
",2,"['a라는 증상으로 입원했을 때 sae 발생 시점은 a 증상이 발생한 시기와 입원한 시기 중\n 언제로 판단하여 보고해야 하나요?\n', '○ 「의약품 등의 안전에 관한 규칙」 [별표 4] 제2호하목에서는 중대한 이상반응·약물이상\n 반응(serious ae·adr)을 임상시험용 의약품의 임의 용량에서 발생한 이상반응 또는\n 이상약물반응 중에서 다음의 어느 하나에 해당하는 경우로 정하고 있습니다.\n - 따라서, 중대한 이상반응의 시작일은 시험책임자가 해당 이상반응이 다음의 경우에\n 해당되어 중대하다고 판단한 날(예: 입원일 등)을 기준으로 하실 수 있습니다.\n 1) 사망하거나 생명에 대한 위험이 발생한 경우\n 2) 입원할 필요가 있거나 입원 기간을 연장할 필요가 있는 경우\n 3) 영구적이거나 중대한 장애 및 기능 저하를 가져온 경우\n 4) 태아에게 기형 또는 이상이 발생한 경우\n 5) 1)부터 4)까지의 사례 외에 약물 의존성이나 남용의 발생 또는 혈액질환 등 그\n 밖에 의학적으로 중요한 상황이 발생하는 사례\n']"
30. 2021+임상시험+관련+자주묻는+질의응답.txt,"q50 안전성정보의 의학적 평가자 자격
 '의약품 임상시험 안전성 정보관리 방법' 관련 의뢰자의 의학적 평가가 가능한 평가자는?
",1,['○ 의학적 평가자는 의학적 지식과 관련경험을 갖춘 자로서 임상의사가 적합할 것으로\n 판단됩니다.\n']
30. 2021+임상시험+관련+자주묻는+질의응답.txt,"q51 약물이상반응과 임상시험약의 인과관계 평가
 '의약품 임상시험 의뢰자의 안전성 정보 평가 시,
 1) 인과관계 평가 시, ‘unassessable‘의 ""관련성 있음""으로 구분 할 수 있나요?
 2) 약물이상반응과 임상약의 연관성에 대해 시험자는 인과관계가 있다고 판단하나,
 의뢰자의 인과관계 평가와 다른 경우 판단은 어떻게 해야 하나요?
",2,"['○ 의뢰자는 「의약품 등의 안전에 관한 규칙」별지 제77호 서식 중 약물이상반응과\n 의심되는 약물과의 관계를 ""관련성이 있음"" 또는 ""관련성이 없음""으로 구분하여\n 보고하기 위해 사전에 관련성에 대한 분류 기준 등을 명확히 정하여 관리해야 합니다.\n - 예를 들어 관련성 분류는 certain, probable, possible, unassessable은 ""관련성이\n 있음""으로, unlikely는 ""관련성 없음""으로 분류하여 평가될 수 있습니다.\n', '○ 인과관계 평가 시 시험자와 의뢰자의 의견이 다른 경우, 어느 한쪽이라도 의심되는\n 약물이상반응이라고 평가하였을 때 인과관계가 있는 것으로 결정하시면 됩니다.\n']"
30. 2021+임상시험+관련+자주묻는+질의응답.txt,"q52 임상시험계획서에 따른 입원검사의 중대한 약물이상반응(sae) 판단 여부
 임상시험계획서에 따라 입원검사를 하는 임상시험의 경우와 같이 의학적이지 않은
 이유로 입원하여 진행하게 되면 이것을 반드시 sae로 보아야 하나요?
",1,['○ ‘의학적으로는 sae가 아닌데 환자가 편의를 위해 입원을 원하는 경우’는 임상시험용\n 의약품의 중대한 이상반응 대상에서 제외할 수 있습니다.\n']
30. 2021+임상시험+관련+자주묻는+질의응답.txt,"q53 susar 보고업무의 cro 위탁 가능 여부
 의뢰자는 임상시험 중 발생한 중대하고 예상하지 못한 모든 약물이상반응(susar)을
 식약처장에게 보고하여야 하는데 해당 업무를 cro에 위탁하여 진행할 수 있나요?
",1,"['○ 국내에서 임상시험계획승인을 받은 자가 임상시험 중 발생한 안전성정보 보고 관련\n 업무를 타 기관에 위탁하여 진행 가능하나, 약사법령이 정한 안전성 보고기한 준수\n 등 모든 관리 책임은 임상시험계획승인을 받은 자에게 있습니다.\n']"
30. 2021+임상시험+관련+자주묻는+질의응답.txt,"q54 해외 susar 보고 대상 여부
 국내 임상시험에서 사용하는 임상시험용의약품(ip)과 동일한 ip로 진행되는 해외 임상
 시험(다른 protocol)에서 수집된 susar에 대해서도 보고해야하나요?
",1,"['○ 「약사법」제34조, 「의약품 등의 안전에 관한 규칙」 제30조제1항제13호에 따라 임상시험\n 계획승인을 받은 자는 중대하고 예상하지 못한 약물이상반응이 발생한 경우에는 별표 4의\n 의약품임상시험관리기준 제8호러목에 따라 식약처장에게 보고하여야 합니다.\n - 국내에서 승인받은 임상시험계획서에서 사용되는 임상시험용의약품으로 해외에서\n 진행되는 다른 임상시험계획서에서 발생한 중대하고 예상하지 못한 약물이상반응\n 개별보고(susar)는 위 규정에 따른 식약처 보고대상에 해당되지 않습니다.\n - 다만, 동일한 임상시험용 의약품으로 임상시험(치료목적 사용 포함)을 사용하고 있는\n 연구자(의료인)에게 해당 정보를 신속히 제공하여 대상자 안전 조치를 취할 수 있도록\n 하는 것이 바람직합니다.\n']"
30. 2021+임상시험+관련+자주묻는+질의응답.txt,"q55 식약처 승인 전 해외 발생 susar의 보고 대상 여부
 허가용 다국가 임상시험 진행 시 식약처 승인 전 해외 발생한 susar 보고해야 하나요?
",1,"['○ 중대하고 예상하지 못한 약물이상반응의 보고기간은 초회 보고를 기준으로 할 때,\n 식약처장으로부터 해당 임상시험계획의 승인을 받은 날부터 종료 보고 시까지 보고\n 하는 것을 원칙으로 하고 있습니다. 따라서, 해당 임상시험계획서의 식약처 승인일\n 이전에 해외에서 발생한 susar는 식약처 보고대상에 해당되지 않습니다.\n 9 임상시험 기본문서 관리\n']"
30. 2021+임상시험+관련+자주묻는+질의응답.txt,"q56 기본문서 관리
 임상시험 실시에 필요한 기본문서
",2,"['○ 임상시험 기본 문서는 시험의 수행과 그로부터 얻어진 자료의 질에 대해 개별적 또는\n 전체적인 평가가 가능하도록 해주는 문서를 의미합니다.\n', '○ 임상시험 기본문서는 「국제의약품규제조화위원회 임상시험관리기준(ich gcp)」 민원\n 인 안내서(‘20.7.22.)를 참고하시기 바랍니다.\n']"
30. 2021+임상시험+관련+자주묻는+질의응답.txt,"q57 의뢰자의 임상시험 관련 문서 보관 책임
 의뢰자도 임상시험 문서 보관을 위한 보관책임자를 지정해야 하는지
",3,"['○ 의뢰자는 「의약품 등의 안전에 관한 규칙」 [별표 4] 제8호사목1) 및 제9호, 의약품 임\n 상시험 기본문서 관리에 관한 규정에 따라 기본문서 및 그 밖의 자료를 보관하여야 하\n 나, 의뢰자가 별도로 보관책임자를 정하도록 규정하고 있지는 아니합니다.\n', '○ 다만, 의약품 임상시험 기본문서 관리에 관한 규정 제3조제2항에 따라, 의뢰자 기본\n 문서를 보관하는 장소를 따로 준비하고, 이들 문서가 사고 등에 의해 조기에 파손\n 또는 분실되지 않도록 하여야 하므로, 의뢰자의 임상시험 관련 sop에 임상시험 기본\n 문서를 보관 및 관리하는 절차를 마련하고 이에 따라 보관 및 관리하는 것이 바람직\n 할 것이며, 책임소재를 분명하게 하기 위하여 보관책임자를 정하여 문서화하는 방법\n 도 바람직합니다.\n', '○ 참고로, 임상시험 실시기관의 경우, 「의약품 등의 안전에 관한 규칙」 [별표 4] 제5호\n 나목8)에 따라 임상시험실시기관의 장이 보관책임자를 정하여 제6호가목13) 및 제7\n 호자목6)에 따라 irb 및 시험책임자로부터 인계받은 기록 및 자료를 보관하도록 하\n 여야 합니다.\n']"
30. 2021+임상시험+관련+자주묻는+질의응답.txt,"q58 임상시험 기본문서 보존기간
 임상시험 실시 관련 자료(전자문서를 포함) 보존을 위한 임상시험 완료일 기준
",2,"['○ 「의약품 등의 안전에 관한 규칙」 제30조제1항제12호에 따라 임상시험 계획서, 임상\n 시험용 의약품 등의 제조 및 관리에 관한 기록 등 임상시험 실시와 관련된 각종 자료\n (전자문서를 포함한다)를 아래와 같이 보존하여야 합니다.\n 1. 해당 임상시험용 의약품등의 품목(변경)허가를 위한 임상시험 관련자료 : 품목 허가일부터 3년간\n 2. 가목의 자료 외의 임상시험 관련 자료 : 임상시험의 완료일부터 3년간\n', '○ 임상시험 완료일은 「의약품 등의 안전에 관한 규칙」 [별표 4] 제7호파목에 따라 ‘시\n 험책임자가 임상시험결과를 요약한 자료를 첨부하여 심사위원회에 임상시험 완료\n 사실을 보고한 날‘로 볼 수 있습니다.\n']"
30. 2021+임상시험+관련+자주묻는+질의응답.txt,"q59 임상시험심사위원회(irb) 문서의 이관 관리
 임상시험심사위원회(irb) 문서를 임상시험 문서보관실에 이관하여 관리하여도 되나요?
",2,"['○ 「의약품 등의 안전에 관한 규칙」 [별표 4] 제5호나목8)에 따라 임상시험실시기관의 장은\n 제6호가목13) 및 제7호자목6)에 따라 심사위원회 및 시험책임자로부터 인계받은 기록\n 및 자료를 보관책임자를 정하여 보관하도록 정하고 있으며 문서보관실로 인계된 이\n 후에는 임상시험실시기관의 장에게 임상시험 관련 문서의 보관 책임이 있습니다.\n - 임상시험문서, irb문서, 임상연구 관련 문서 등을 임상시험 문서보관실에 함께 보관하는\n 것은 가능하나, 이 경우 문서의 보관은 문서 관리에 관한 권한을 위임받은 사람에 한해\n 접근할 수 있도록 적절한 잠금장치가 된 장소 또는 설비 등에 보관하여야 합니다.\n', '○ 따라서, 임상시험실시기관의 장은 문서보관 장소의 출입기준 등 보안 체계 확립, 보관\n 책임자의 명확한 역할과 의무, 해당 문서의 적절한 관리 절차(이관, 보관, 열람, 폐기\n 등)를 마련하는 등 임상시험 문서의 기밀 등을 보장하고 임상시험심사위원회 업무의\n 독립성을 보장할 수 있도록 적절한 운영·관리체계를 마련하여 운영하여야 합니다.\n - 또한, 의무기록 등 의료법 등에서 보관 주체 등을 별도로 정하고 있는 임상시험 관련\n 문서의 경우에는 타 법령에 저촉되지 않도록 보관 및 관리하여야 합니다.\n']"
30. 2021+임상시험+관련+자주묻는+질의응답.txt,"q60 임상시험 실시기관의 문서보관실 장소
 의료기관개설허가증 상 소재지 이외의 장소에 문서보관실을 마련이 가능한가요?
",1,"['○ 「약사법」 제34조의2 및 「의약품 등의 안전에 관한 규칙」 제34조에서 임상시험실시\n 기관의 지정요건은 「의료법」에 따른 의료기관으로 정하고 있으므로 임상시험 실시에\n 필요한 시설 등은 의료기관 내에 포함되어 있어야 합니다.\n - 다만, ‘기록 및 자료의 보관실’의 경우 자료가 축적되어 공간 협소 등의 사유로 불\n 가피하게 의료기관 개설허가증의 소재지 이외의 장소에 보관하여야 할 필요성이\n 인정되는 경우에는 외부 문서보관소의 접근제한 등 보안 체계 확립, 보관책임자의\n 명확한 역할과 의무, 해당 문서의 적절한 관리 절차(이관, 보관, 열람, 폐기 등)를\n 마련하고, 해당 시설에 대한 정기적인 점검 실시 및 기록 등을 통해 해당 보관 문서들의\n 유출, 파손 등을 미연에 방지할 수 있도록 하여야 할 것입니다.\n - 이 경우에는 ‘기록 및 자료의 보관실’의 소재지가 의료기관개설허가증의 소재지에\n 포함되어 있지 않더라도 문서의 관리 및 책임소재를 명확히 하기 위하여 예외적으로\n 임상시험실시기관 소재지의 변경지정 신청하여 지정서 소재지에 포함하여야 합니다.\n - 또한, 외부 보관 전문 업체와 계약하여 임상시험 관련 자료 등을 보관하는 경우에는\n 반드시 계약 전에 해당 업체의 문서보관 시설·설비 및 인력, 접근제한 등 보안 체계,\n 문서 관리 절차 등을 평가하여야 하며, 적합할 경우 실시기관의 보관책임자와 보관\n 업체 관리자 간의 명확한 업무와 책임, 실시기관와 전문업체 간의 적절한 문서 관리\n 절차(이관, 보관, 열람, 폐기 등) 등을 표준작업지침서 등에 별도로 마련하고, 해당\n 시설에 대한 정기적인 점검 실시 및 기록 등 하여야 하며, 이 때 임상시험 관련 자료에\n 대한 관련 법령상의 최종 책임은 실시기관의 장에게 있습니다.\n']"
30. 2021+임상시험+관련+자주묻는+질의응답.txt,"q61 근거문서 및 증례기록서 기록 관리
 임상시험 대상자의 이상반응, 질병력 등 일부 정보가 다른 근거문서에서 확인되지 않는
 경우 워크시트만으로 근거문서로써 인정받을 수 있는지? 임상시험 근거문서 없이 증례
 기록서에만 기록 관리 할 수 있는지?
",2,"['○ 워크시트에 기재한 임상시험대상자에 대한 기록도 근거문서에 포함하여 관리할\n 수 있으나 임상시험이 요구하는 특정 예외사항으로 한정하여야 하며, 특히 시험\n 참여 환자의 이상반응, 질병력 등은 향후 시험 참여 환자 진료에 중대한 영향을\n 미칠 수 있는 사항은 의무기록에 포함하여 관리하는 것이 바람직합니다.\n - 또한, 워크시트 등을 포함한 임상시험 근거문서는 해당 임상시험 특성을 고려하여\n 임상시험실시기관과 합의하여 결정하고 임상시험의 신뢰성을 보증할 수 있도록\n 적절하게 관리하여야 합니다.\n', '○ 아울러, 임상시험 근거문서 없이 “증례기록서”에만 기록·관리하는 것은 적절하지\n 않을 것으로 사료됩니다.\n']"
30. 2021+임상시험+관련+자주묻는+질의응답.txt,"q62 워크시트(worksheet) 기록 및 보관
 워크시트(worksheet)의 기록 및 보관에 대한 별도 지침이 있는지
",1,"['○ 워크시트의 기록에 대하여 별도로 규정은 없으나, 워크시트에 시험책임자가 의뢰자\n 에게 보고하는 증례기록서나 다른 모든 보고서에 포함될 내용의 근거가 되는 자료\n 가 기록되어 있다면, 임상시험에서 얻어진 자료의 정확성을 증명할 수 있도록 정확\n 하고, 완전하며, 최신사항이 반영되도록 기록·유지되어야 하며, 임상시험 기본문서와\n 동일하게 보관하여야 합니다.\n']"
30. 2021+임상시험+관련+자주묻는+질의응답.txt,"q63 대상자 선별기록 및 등재기록의 문서 관리
 ecrf 또는 iwrs(interactive web response system)를 이용하여 대상자의 선별기록
 (screening log) 및 등재기록(enrollment log)을 관리하는 경우, 연구자파일(investigator
 study file)에 별도의 종이문서로 보관해야 하는지?
",1,"['○ 「의약품 등의 안전에 관한 규칙」 제30조에 따라 임상시험의뢰자 및 임상시험실시\n 기관 등에서는 임상시험 관련 자료의 원본 및 사본을 보관·관리하여야 합니다.\n - 다만, 임상시험의뢰자가 웹사이트 등를 통해 전자증례기록서 등을 관리하는 경우\n 임상시험의뢰자 및 임상시험실시기관(시험자 포함)이 관리 가능하고 지속적으로\n 접근할 수 있도록 하여야 하며, 문서 보관 기간 동안 해당 문서의 확인·보관 관리\n 책임에 문제가 없도록 하여야 합니다.\n - 대상자의 선별(screening log) 및 등재 기록(enrollment log)이 작성 목적에 부합\n 하게 기록·보관 관리될 수 있는 경우에는 전자자료로도 관리 가능하며, 이 기록을\n 중복해서 수기로 관리할 필요는 없습니다.\n']"
30. 2021+임상시험+관련+자주묻는+질의응답.txt,"q64 종사자 교육 수료증 사본 보관
 연구자 기본문서(investigator study file)에 임상시험에 참여하는 시험책임자 및 시험
 담당자 등의 임상시험 종사자 교육 수료증 사본을 보관해야 하는지?
",2,"['○ 의뢰자 및 시험기관/시험책임자는 (새로 참여하는)시험자의 자격을 증명하는 이력\n 서와 기타 관련 문서를 임상시험 실시 전과 실시 중에 보관하여야 합니다.\n', '○ 따라서, 의뢰자는 국내 규정에 따라 임상시험책임자 등의 임상시험 종사자 교육\n 수료를 확인하고 그 문서를 기본 문서로 보관하여야 합니다.\n - 다만, 임상시험실시기관에서 임상시험종사자에 대한 교육 관리를 위해 기관 표준\n 작업지침서(sop)에 따라 수료증 사본 등을 보관하고 있고, 의뢰자가 모니터링 중\n 종사자 교육 이수에 대해 적절히 확인할 수 있는 절차가 있는 경우에는 의뢰자의\n 기본문서로 별도 보관하지 아니하여도 됩니다.\n 10 임상시험 종사자 교육\n']"
30. 2021+임상시험+관련+자주묻는+질의응답.txt,"q65 종사자교육 이수대상자 및 과정
 2021.11.29. 개정된 고시와 관련하여, 의약품임상시험에서 채혈 또는 투약 업무만을 수행
 하는 경우나 임상병리사, 방사선사의 경우, 종사자 교육 중 어떤 교육을 이수하여야 하는지
",1,"['○ 「의약품 임상시험 등 종사자 교육 및 교육실시기관 지정에 관한 규정」(식약처고시)\n [별표1] ‘1. 교육과정 및 연간이수시간’에서 정하는 자에 해당하지 않으므로, 의약품\n 임상시험 종사자 교육대상에 해당하지 않습니다.\n - 다만 이 경우에도 「의약품 등의 안전에 관한 규칙」 [별표 4] 제3호아목에 따라\n 임상시험 수행에 참여하는 모든 사람들은 각자의 업무 수행에 필요한 적절한 교육과\n 훈련을 받도록 자체적인 관리가 필요합니다.\n ※ 상기 개정 고시의 시행일은 2022. 1. 1.입니다.\n']"
30. 2021+임상시험+관련+자주묻는+질의응답.txt,"q66 의사대상 종사자교육 상호인정
 전년도 시험책임자 과정을 이수한 연구자(의사)가, 올해 irb 신규활동을 시작하는 경우
 신규자부터 이수하여야 하는지
",1,"['○ 해당 시험책임자의 경험, 교육 이력 등을 고려하여 적정한 경우, 올해에는 irb 심화\n 또는 보수과정 대상으로 인정 가능(그 반대의 경우도 동일) 합니다.\n - 임상시험실시기관의 장은 임상시험 실시 경험, 수행능력에 따라 자체 기준을 마련하여\n 신규자, 심화 및 보수 대상자를 분류할 수 있으니, 교육의 목적에 맞게 교육대상자를\n 분류하고 이에 따라 적절한 교육을 이수하도록 관리하시기 바랍니다.\n ※ 관련 규정 :「의약품 임상시험 등 종사자 교육 및 교육실시기관 지정에 관한 규정」 제3조 및 [별표1]\n']"
30. 2021+임상시험+관련+자주묻는+질의응답.txt,"q67 임상시험 종사자 교육 이수 주기
 중간에 휴직 또는 퇴사한 임상시험 종사자의 연간 교육 이수 주기는 무엇인지
",1,"['○ 「의약품 등의 안전에 관한 규칙」제38조의2제3항에 따른 임상시험 종사자 교육의\n 주기는 회계연도 기준으로 매년 1월 1일부터 12월 31일까지이며,\n - 「의약품 임상시험 종사자 교육 및 교육실시기관 지정에 관한 규정」에 따라 당해\n 연도 중간 입사,휴직 등의 경우 연간 이수시간을 월할 계산하여 교육을 이수할\n 수 있습니다.\n']"
30. 2021+임상시험+관련+자주묻는+질의응답.txt,"q68 임상시험 종사자 교육 관련 규정
 임상시험 종사자 교육과 관련하여 참고할 규정이 무엇인지?
",1,"['○ 다음의 관련 규정이 있음\n - 「약사법」 제34조의4, 「의약품 등의 안전에 관한 규칙」제38조의2, 제38조의3,\n - 「의약품 임상시험 등 종사자 교육 및 교육실시기관 지정에 관한 규정」(식약처고시)\n - ‘임상시험 종사자 교육 관련 질의응답집’\n - 2021년도 교육대상자의 경우 ‘코로나19 관련 임상시험 고려사항 (2021.01.12.)\n ※식품의약품안전처 홈페이지의 법령자료 및 민원인안내서, 의약품안전나라 참고\n 11 임상시험 검체분석\n']"
30. 2021+임상시험+관련+자주묻는+질의응답.txt,"q69 센트럴랩 지정 및 업무범위
 센트럴랩 지정 관련해서 바이오 분석(면역원성)에 대해서 지정 받지는 못했으나, 다른
 선정 대안이 없을 때의 대처 방안?
",3,"['○ 코로나19 치료제·백신 개발 임상시험검체분석에 한해 적용하던 미지정기관 위수탁\n 절차를 코로나19 치료제·백신 외의 임상시험검체분석에도 적용·운영하고 있습니다.\n', '○ 학술적·탐색적 목적 등 분석적 특이성(예, 백신의 면역원성, 생물의약품의 약물 동태 등)이\n 있는 경우, 임상시험검체분석기관이 위탁을 통해 미지정기관에서 제한적으로 검체\n 분석이 가능합니다.\n', '○ 다만, 임상시험검체분석기관은 검체관리를 포함한 검체분석기관의 고유 업무를 수행하고\n 변경지정 절차를 통해 수탁처를 관리하여야 합니다.\n']"
30. 2021+임상시험+관련+자주묻는+질의응답.txt,"q70 미지정 기관 또는 의뢰자가 임상시험검체분석 수행 가능 여부
 분석적 특이성 등으로 인해 임상시험검체분석기관에서 검체분석이 어려워, 지정되지
 않은 기관 또는 의뢰자가 직접 검체분석 수행이 가능한지?
",2,"['○ 「약사법」 제34조의2에 따르면 임상시험검체분석기관은 임상시험 중 검체분석을\n 실시하는 기관으로 ‘검체분석’은 인체로부터 수집·채취된 검체의 분석을 의미하며,\n - 같은 법 제34조제3항제1호 및 제34조의2제1항에 따라 임상시험검체분석은 식약처\n 장의 지정을 받은 임상시험검체분석기관에서 실시하여야 합니다.\n', '○ 또한, 「의약품 등의 안전에 관한 규칙」 [별표4] ‘의약품 임상시험 관리기준’에 따라,\n - 의뢰자는 임상시험의 계획·관리·재정 등에 관련된 책임을 갖고, 수집된 임상시험자료의\n 신뢰성·정확성을 보장하기 위해 품질관리를 실시하도록 하며, 시험책임자는 시험\n 기관에서 임상시험 수행 및 이에 대한 책임을 갖도록 하여 의뢰자와 시험책임자의\n 역할을 명확하게 구분하고 있어,\n - 의뢰자는 최신 분석 기술 등 분석의 특수성 등으로 직접 검체분석 수행의 필요성이\n 인정되는 경우에 한해서, 위수탁 절차를 통해 제한적 검체분석을 허용하고 있습니다.\n']"
30. 2021+임상시험+관련+자주묻는+질의응답.txt,"q71 임상시험검체분석 수행 시점
 식품의약품안전처장이 지정한 임상시험검체분석기관에서 검체분석을 수행하여야 하는
 시점은 언제부터인가요?
",1,"['○ 2017. 10. 24.에 일부 개정된 「약사법」 제34조제3항제1호에 따라, 임상시험을 하려는\n 자는 동법 제34조의2제1항에 따라 지정된 임상시험실시기관 또는 임상시험검체분석\n 기관에서 임상시험을 실시하여야 하며,\n - 동법 시행(2018.10.25.) 후, 제34조제1항에 따라 임상시험 계획의 승인(변경승인 포\n 함)을 식품의약품안전처에 신청한 경우부터 적용됩니다.\n']"
30. 2021+임상시험+관련+자주묻는+질의응답.txt,"q72 국외 검체분석기관의 지정 필요성 여부
 다국가 임상시험에서 해외 소재 검체분석기관을 사용하는 경우에도 식품의약품안전처
 장이 지정한 임상시험검체분석기관에서 검체분석을 수행하여야 하는지?
",2,"['○ 「약사법」 제34조제3항제1호 및 제34조의2제1항에 따라, 임상시험 검체분석은 식\n 약처장의 지정을 받은 임상시험검체분석기관에서 실시하여야 하며,\n - 국내에서 「의약품 등의 안전에 관한 규칙」 제35조의 지정요건을 갖춘 임상시험\n 검체분석기관에 대해 식약처장이 지정하고 있습니다.\n', '○ 따라서, 임상시험 검체를 해외로 보내 분석하는 경우, 해당 기관이 ‘임상시험검체\n 분석기관’ 지정 요건과 동등한 요건을 갖추고, 분석자료의 신뢰성을 확보할 수 있\n 어야 하며,\n - 최종적으로, 품목허가·신고 시 그 내용을 검토하여 검체분석기관의 신뢰성이 인정\n 되고, 약사법령 및 비임상시험관리기준에 의하여 실시한 것으로 판단되는 자료를\n 제출할 수 있어야 합니다.\n 12 기타\n']"
30. 2021+임상시험+관련+자주묻는+질의응답.txt,"q73 임상시험용 의약품 치료목적 사용승인
 임상시험용 의약품을 응급환자, 대체치료수단이 없는 환자 등에게 개인별로 치료목적
 으로 사용하고자 하는 경우, 어떤 절차가 필요한지
",2,"[""○ 「약사법」 제34조제4항에 따라 개발 중인 임상시험용의약품은 임상시험이 아닌 다른\n 용도에 사용하여서는 아니 되나,\n - 같은 조항 단서에 의거 '말기암 또는 후천성면역결핍증 등 생명을 위협하는 중대한 질\n 환을 가진 환자를 치료하려는 경우 또는 생명이 위급하거나 대체치료수단이 없는 등\n 총리령으로 정하는 응급환자를 치료하려는 경우 식약처장의 승인을 받아 치료목적에\n 사용'할 수 있습니다.\n"", '○ 개인별 환자(1명)에게 임상약을 치료목적으로 사용하고자 하는 경우, 전문의가 다음의\n 서류를 첨부하여 신청하면 식약처는 의학적 근거, 임상적 타당성 등을 검토하여\n 적합한 경우 승인하고 있습니다.\n 1. 신청인이 전문의로서 해당 질환에 대하여 전문적 지식과 경험을 갖추고 있음을\n 증명할 수 있는 서류\n 2. 대상 환자의 진료기록 및 대상 환자가 법 제34조제4항제1호 또는 제2호에 해당\n 한다는 의학적 소견에 대한 요약 자료\n * 소견서에 상세 진료기록(영상학적 소견, 검사기록, 사용약물[표준치료적용 이력 등] 환자의 질병경과\n 등) 포함되어 있는 경우, 의료기관에서 발행한 의무기록 제출 불필요\n 3. 환자동의서 서식\n * 동의서 서식에 총리령 제28조제3항제4호에 따른 내용(사용 목적, 예상되는 위험, 임상시\n 험용의약품 사용여부 결정은 자발적이라는 사실, 사용중단 가능 사실 등) 포함필요\n 4. 사용하려는 임상시험용의약품에 대한 제공자의 제공 의향서\n']"
30. 2021+임상시험+관련+자주묻는+질의응답.txt,"q74 irb 운영 규정 및 문서에 포함되어야 할 사항
 임상시험 실시에 필요한 sop에 포함되어야 할 사항, irb 운영에 관한 규정 및 그 구성에
 관한 서류에 포함되어야 할 사항
",1,"['○ 「의약품 등의 안전에 관한 규칙」 제34조제2항제5호 irb 운영에 관한 규정 및 그 구성에\n 관한 서류에 포함되어야 할 사항은 아래와 같습니다.\n 1. 임상시험심사위원의 자격 및 irb의 구성\n 2. irb의 권한\n 3. 회의의 소집, 일정 및 진행 방법\n 4. 임상시험의 심사방법 및 심사기한\n 5. 지속적인 심사의 검토 주기의 결정\n 6. 「의약품 등의 안전에 관한 규칙」 [별표 4] 에서 정하고 있는 신속심사 및 임상시험\n 계획서 의 사소한 변경 승인의 범위\n 7. 식약처장의 임상시험계획승인 이전에 임상시험 실시 금지\n 8. 식약처장이 승인한 계획서와 다르게 임상시험 실시 금지\n 9. 시험책임자가 irb 등에 알려야 할 각종 보고 절차 및 조치 방법\n 10. irb가 시험책임자에게 알려야 할 사항, 절차 및 조치 방법\n 11. 시험책임자, 시험담당자 및 임상시험 조정자의 자격\n 12. 기타 irb의 구성 및 운영에 필요한 사항\n']"
30. 2021+임상시험+관련+자주묻는+질의응답.txt,"q75 다국가 임상시험의 종료보고 시점
 다국가 임상시험의 종료보고 시점
",1,"['○ 임상시험 종료보고는 최종 대상자 관찰기간 종료일을 기준으로 20일 이내에 식약처에\n 보고하여야 하며, 국내 임상시험의 최종 대상자 관찰종료를 기준으로 보고하면 됩\n 니다.\n']"
30. 2021+임상시험+관련+자주묻는+질의응답.txt,"q76 시험책임자 겸직 근무 가능 여부
 주1일 정도 근무하는 곳에서의 시험책임자 겸직 근무가 가능한지
",3,"['○ 임상시험실시기관의 장은 해당 임상시험을 적정하게 실시할 수 있도록 준비에 완벽을\n 기하여야 하고, 시험책임자는 임상시험실시기관에서 임상시험의 수행에 대한 책임을\n 갖고, 의뢰자에게 보고하는 자료의 정확함 등을 보증해야 하는 자이므로, 해당 임상\n 시험실시기관 소속이어야 합니다.\n', '○ 따라서, 동일한 시험책임자가 서로 다른 임상시험실시기관에서 임상시험을 수행하는\n 것은 원칙적으로 불가하나, 서로 다른 임상시험실시기관에 소속(인사 발령 공문,\n 근무확인서 등으로 증명 필요)되어 있고, 개별 임상시험실시기관에서 임상시험 실\n 시가 가능토록 임상시험실시기관장의 승인을 득하였고(의뢰자와의 계약서에 임상\n 시험실시기관의 장과 시험책임자의 서명 등이 있는 경우), 임상시험이 해당 임상\n 시험실시기관 내에서 시험책임자의 책임 하에 이루어 질 수 있다면, 동일한 시험\n 책임자가 서로 다른 임상시험실시기관에서 임상시험을 진행할 수 있을 것으로 사\n 료됩니다.\n', '○ 다만, 일주일에 1일 정도 근무하는 경우에는·시험대상자 관련 자료 검토 등 시험\n 책임자로서의 적절한 업무 수행이 적절하게 이루어지기 어려울 것으로 판단되므로,\n 별도의 시험책임자를 선임하여 임상시험을 실시하는 것이 타당할 것으로 사료됩니다.\n']"
30. 2021+임상시험+관련+자주묻는+질의응답.txt,"q77 장기간 미실시 임상시험 관리
 임상시험계획 (변경)승인 후 2년 이상 장기간 미실시 한 임상시험을 더 이상 진행하지
 않고자 할 경우 임상시험 (조기)종료보고를 진행하면 되는지요?
",1,['○ 임상시험계획 승인 또는 변경승인 받은 날부터 2년 이내에 최초 시험대상자를\n 선정하지 못한 경우에는 “의악품안전나라(https://nedrug.mfds.go.kr/)”를 통해 임상시\n 험 조기종료 보고 후 임상시험 종료보고를 진행하여 주시기 바랍니다.\n']
30. 2021+임상시험+관련+자주묻는+질의응답.txt,"q78 코로나-19 상황에서 비대면 모니터링
 코로나-19 상황에서 모니터링을 위한 실시기관 방문이 어려운 경우 원격 sdv 및
 sdr등 비대면 모니터링이 가능한지?
 * sdv: source data/document verification, sdr: source data/document review)
",2,"['○ 코로나-19 상황을 고려하여 임상시험의 모니터링은 임상시험 의뢰자가 사전에 수립한\n 모니터링 계획(원격 sdv, sdr 모니터링 포함)을 현 상황에 맞게 적절하게 변경\n 하여 실시하는 것이 가능합니다.\n', '○ 또한, 원격 sdv 및 sdr를 위하여, 임상시험대상자의 동의를 받아 임상시험 관련\n 자료를 가명처리하여 개인식별력이 없도록 한 사본을 업로드하여 수행하는 원격\n 모니터링은 가능함을 알려드립니다. 다만, 문서 업로드에 사용되는 시스템의 보안성\n 확보 및 가명처리된 자료의 삭제 절차 등을 적절히 마련하여야 하며,\n - 그 외, 의무기록 등의 접근·열람 과정에서 의료법, 개인정보보호법 등 타 법에 저\n 촉되지 않도록 특히 유의하여야 합니다.\n']"
30. 2021+임상시험+관련+자주묻는+질의응답.txt,"q79 무작위배정 코드 공유 시점
 db lock 전(sdv가 완료 이후 등) 의뢰자가 무작위배정 코드를 미리 공유받을 수 있
 는지?
",1,"['○ 일반적으로 약사법령에 따라 수행하는 의약품 임상시험에서 눈가림의 주목적은\n 비뚤림(bias)의 모든 가능성이 소실될 때까지 치료군을 확인하지 못하게 하여 시험\n 결과 자료의 신뢰성을 확보하기 위함입니다.\n - 임상시험 수행이나 해석에서 치료군의 정보가 시험대상자 선정, 배정, 결과분석에서\n 사용되는 자료선정 등에 영향을 미침으로써 발생하는 의식적, 무의식적 비뚤림의\n 발생을 최소화하기 위해 눈가림을 유지해야 하므로 database lock 이전에 무작위\n 배정코드를 의뢰자에게 전달하는 것은 적절하지 않습니다.\n']"
30. 2021+임상시험+관련+자주묻는+질의응답.txt,"q80 임상시험의뢰자/임상시험수탁기관과 임상시험실시기관 간 계약
 의뢰자가 임상시험실시기관 장과의 계약을 임상시험수탁기관(cro)에 위탁하는 경우
 cro가 계약 가능한지?
",2,"['○ 「의약품 등의 안전에 관한 규칙」 [별표 4] 제5호가목에 따라 의뢰자는 임상시험\n 실시기관의 장과 문서로써 임상시험에 대해 계약하여야 하며, 다기관 임상시험의\n 경우 하나의 임상시험실시기관의 장과 일괄하여 계약할 수 있습니다.\n - 일괄 계약하는 경우 개별 임상시험실시기관장은 일괄하여 계약하는 실시기관의\n 장에게 계약 업무를 위임하시기 바라며,\n - 이 경우 일괄 계약 실시기관장과 개별 실시기관장이 날인·서명한 임상시험 업무\n 위임장에 의뢰자와의 계약을 포함한 위임 업무 내용이 명확히 기술되어야 하고\n 해당 문서는 계약서와 함께 보관·관리하여야 합니다.\n - 또한, 의뢰자가 임상시험실시기관 장과의 계약을 임상시험수탁기관(cro)에 위탁\n 하는 경우에도 의뢰자와 cro가 각각 날인·서명한 임상시험 업무 위임장에 실시\n 기관과의 계약을 포함한 위임 업무 내용이 명확히 기술되어야 하고 해당 문서는\n 계약서와 함께 보관·관리하여야 합니다.\n', '○ 참고로, 개별 임상시험실시기관의 장은 일괄 계약한 실시기관 장에게 계약 업무\n 등을 위탁한 경우에도 약사법령 등의 준수 의무가 있으므로 위반사항이 있는 경우\n 그 책임이 있으며,\n - 의뢰자도 임상시험계획을 승인받은 자로서 약사법령 등의 준수 의무가 있으므로\n cro에 업무(일부 또는 전부)를 위탁한 경우에도 위반사항이 있는 경우 그 책임이\n 있습니다.\n 13 부 록\n 1. 임상시험 참여 동의 관련 주요 고려사항(‘20.5.20.)\n 2. 임상시험용의약품 표시기재 관리 방법 안내(‘21.4.20.)\n 3. 임상시험용의약품 치료목적 사용승인 신청서류 간소화 안내(’21.5.7.)\n 4. 임상시험(생동성시험 포함) 대상자 모집 관련 유의사항(‘21.5.26.)\n 5. 임상시험용 의약품 품질 심사 개선방안 안내(’21.6.10.)\n 6. 임상시험용 의약품 품질 심사 관련 안내(’21.11.23.)\n 1. 임상시험 참여 동의 관련 주요 고려사항\n 배포일\n 임상시험 의뢰자(임상시험계획승인을 받은 자)\n ❍ 「임상시험 대상자 동의·설명서 작성 가이드라인」(민원인 안내서)를\n 참고하여 대상자 동의·설명서를 작성하여 주시기 바랍니다.\n - 임상시험 관련 손상이 발생할 경우 보험 및 피해보상규약에 근거\n 하여 대상자가 받을 수 있는 의료 조치, 보상 및 그 신청 절차\n 등 기술\n - 대상자가 임상시험 중 손상이 발생한 경우 누구에게 연락하고 상담\n 받을 수 있는지, 어떻게 보상 신청하는지 등을 쉽게 이해할 수\n 있도록 안내하는 설명 등 포함\n 임상시험 실시기관(임상시험심사위원회(irb), 시험책임자(pi) 등)\n ❍ irb는 대상자가 임상시험 중 손상이 발생한 경우 누구에게 연락하고\n 상담받을 수 있는지, 어떻게 보상 신청하는지 등을 쉽게 이해할 수\n 있도록 안내하는 (설명)자료 등을 적절하게 심사할 수 있도록 관련\n 절차를 마련하여 운영하여 주시기 바랍니다.\n ❍ pi는 식약처·irb에서 승인받은 대상자 동의·설명서(임상시험 관련 피해\n 보상, 문의처 등 포함)를 참여 결정 전에 대상자에게 충분히 설명하고,\n 서면 동의받고 동의서 사본을 제공하시기 바라며,\n - 대상자에게 임상시험 관련 손상이 발생한 사실을 알게된 경우\n 이를 대상자에게 알리고 보상 관련 절차 등을 안내하고, 건강상\n 피해를 배상 또는 보상하기 위해 보험 및 피해보상규약에 근거\n 하여 대상자가 이용할 수 있는 보상(의료적 처치 제공 포함) 절차가\n 진행될 수 있도록 조치하여 주시기 바랍니다.\n ❍ 임상시험실시기관은 피해가 발생한 대상자가 해당 피해와 관련된\n 정보제공을 요청하면, 대상자(사망한 경우에는 유족)에게 의료기록\n 등을 제공받을 수 있도록 조치하여 주시기 바랍니다.\n 2. 임상시험용의약품 표시기재 관리 방법 안내\n 배포일\n ◈ (배경) 코로나19 치료제·백신 등 개발 중인 신약의 신속한 임상 진입을 지원하고자\n 임상시험용의약품 표시기재 관리 방법에 대한 규제 개선 사항을 아래와 같이 마련\n ◈ (적용대상) 약사법령에 따른 임상시험에 사용하는 임상시험용의약품\n ◈ (적용기간) 별도 공지 시 까지\n 임상시험용의약품 표시기재 관리 원칙\n ❍ 관련 약사법령을 준수하여 표시기재(상세 내용: 붙임 참조)\n 「약사법」 제34조제3항제2호\n 「의약품 등의 안전에 관한 규칙」 제30조제1항제9호\n 「의약품 등의 안전에 관한 규칙」 별표 4의2 제8.4호,\n 「의약품 제조 및 품질관리에 관한 규정」 별표 11 제7.7호\n 임상시험용의약품 표시기재 관리 방법 규제 개선 사항\n ❍ 「약사법」제31조에 따라 제조판매ㆍ수입 허가(신고) 받은 의약품을\n 임상시험용의약품으로 사용하는 경우, 해당 품목허가(신고)받은 의\n 약품의 표시기재 사항을 그대로 사용 가능\n - 다만, 이 경우 시험대상자에게 제공되는 최종 포장 형태에는\n “임상시험 목적으로만 사용가능하다는 표시” 항목을 추가 기재\n 하여야 하며,\n - 의뢰자는 해당 의약품의 적절한 사용ㆍ관리를 위한 문서화된 운영\n 절차를 제공하고, 실시기관은 제공된 절차에 따라 적절하게 사용\n ㆍ관리하여야 함\n ❍ 임상시험용의약품 표시기재 기재사항은 한국어로 표시하는 것이\n 원칙이나, 임상시험심사위원회의 승인받은 경우에는 “임상시험\n 목적으로만 사용가능하다는 표시”를 제외한 식약처장이 정하여\n 고시한 표시기재 항목은 외국어로 기재된 임상시험용의약품 사용\n 가능\n - 다만, 이 경우 의뢰자는 실시기관에 해당 의약품의 적절한 취급\n ㆍ사용ㆍ관리를 위한 문서화된 운영 절차를 제공하고 실시기관은\n 제공된 절차에 따라 취급ㆍ사용ㆍ관리하여야 하며,\n - 실시기관은 임상시험 대상자에게 한국어로 표시된 별도의 문서를\n 제공하고, 사용 방법에 대해 충분히 설명하여야 함\n ❍ 다국가 임상시험으로 국외에 원개발사가 있는 경우, “의뢰자의\n 명칭”은 원개발사의 명칭으로 대체하여 기재 가능\n - 다만, 이 경우 임상시험용의약품, 임상시험 및 응급 눈가림 해제\n 관련 사항에 대한 문의를 위한 임상시험계획승인받은자의 명칭,\n 주소, 전화번호는 설명문 등 별도의 인쇄물 또는 카드로 제공하\n 여야 함\n 붙임 임상시험용의약품 표시기재 관련 법령\n 「약사법」\n 제 조 임상시험의 계획 승인 등 ③ 제 항에 따라 임상시험을 하려는 자는 다\n 음 각 호의 사항을 지켜야 한다\n 총리령으로 정하는 적합한 제조시설에서 제조되거나 제조되어 수입된 의약품\n 등을 사용하는 등 임상시험의 실시 기준을 준수할 것\n 「의약품 등의 안전에 관한 규칙」\n 제 조 임상시험의 실시 기준 등 ① 법 제 조에 따른 임상시험은 다음 각 호\n 의 기준 및 별표 의 의약품 임상시험 관리기준에 따라 실시하여야 한다\n 임상시험 의뢰자는 별표 별표 생물학적제제등의 경우만 해당한다 별표\n 의 방사성의약품의 경우만 해당한다 별표 의 의료용 고압가스의 경우만 해\n 당한다 별표 의 「혈액관리법」 제 조제 호에 따른 혈액제제의 경우만 해당한\n 다 및 별표 의 의 기준에 맞게 제조된 임상시험용의약품을 사용할 것\n 별표 의 의약품 임상시험 관리기준\n 표시기재 등\n 가 임상시험용의약품의 용기나 포장에는 대상자의 보호 임상시험용의약품의\n 식별 추적가능성의 확보 적절한 사용 등을 위해 다음 각 호의 사항을 기\n 재하여야 한다\n 임상시험 목적으로만 사용가능하다는 표시\n 의뢰자 명칭 배치번호 등 그 밖에 식품의약품안전처장이 정하여 고시한\n 표시 및 기재사항\n 나 임상시험용의약품의 용기 포장 또는 첨부문서 등에는 임상시험용의약품이\n 시험목적에 안전하고 효과를 보장하는 것처럼 거짓이나 오해할 우려가 있\n 는 내용을 기재하여서는 아니 된다\n 「의약품 제조 및 품질관리에 관한 규정」식약처 고시 별표 임상시험용의약품 제조\n 표시기재\n 가 임상시험용의약품의 표시기재는 대상자의 보호 및 임상시험용의약품의 추\n 적가능성 확보 임상시험과 임상시험용의약품의 식별 가능 및 임상시험\n 용의약품의 적절한 사용 을 목적으로 하며 다음의 항목을 기재하여야 한\n 다\n 임상시험 목적으로만 사용가능하다는 문구 예 임상시험용\n 임상시험용의약품 명칭 또는 식별표시 눈가림시험의 경우 시험약과 대조\n 약 병기 공개시험은 해당 군만 기재 필요한 경우 제형 투여경로 수량\n 주성분의 함량 또는 역가 등을 포함시킨다\n 내용물과 포장작업을 식별할 수 있는 배치번호 또는 코드번호\n 의뢰자 임상시험 계획 승인을 받은 경우는 계획 승인을 받은 자 명칭\n 주소 및 전화번호 임상시험용의약품 임상시험 및 응급 눈가림 해제 관련\n 사항에 대한 문의가 가능토록 하기 위함\n 사용 유효 기한 중앙 전산 무작위배정시스템\n 사용 등으로 추적이 가능할 경우 년 월 표기도\n 가능\n 보관 조건\n 어린이의 손이 닿지 않는 곳에 보관한다 임상시험용의약품을 대상자\n 의 집으로 가져가지 않는 경우는 제외\n 임상시험을 식별할 수 있는 참조 코드 다만 임상시험\n 의뢰자가 필요하다고 판단하는 경우 실시기관 연구자 및 의뢰자를 식별\n 할 수 있는 참조 코드를 기재할 수 있다\n 대상자 식별 번호 임상약 번호\n 방문 번호 다만 의뢰자가 해당 임상시험의 특성\n 등을 고려하여 기재 불필요의 특수성을 인정한 경우에는 문서화하고 이\n 를 생략할 수 있다\n 임상시험 의뢰자가 필요하다고 판단하는 경우 시험자 성명\n 임상시험 의뢰자가 필요하다고 판단하는 경우 사용방법 대상자 또는 의\n 약품을 투여하는 자가 투약설명서나 기타 문서를 참조하도록 할 수 있다\n 나 임상시험 대상자에게 임상시험용의약품 임상시험 또는 응급 눈가림 해제\n 관련 사항을 문의할 수 있는 주 연락처의 주소 전화번호 등을 포함한 별\n 도의 인쇄물 예 설명문 등 또는 카드를 제공하는 경우에는 가목 의뢰\n 자의 주소 전화번호를 생략할 수 있다\n 다 가목의 각 항목은 차 포장과 차 이상 포장 시험대상자에게 제공되는 최\n 종 포장형태를 포함 에 기재되어야 한다 다만 라목과 마목에 명시된 경우\n 는 제외한다\n 라 대상자 또는 의약품을 투여하는 자에게 임상시험용의약품이 차 포장과\n 차 포장이 함께 되어 있는 형태로 제공되고 가목의 항목이 차 포장에 기\n 재되어 있는 경우에는 차 포장 또는 차 포장을 포함하는 밀봉된 투약\n 장치 에 다음의 항목만을 기재할 수 있다\n 임상시험 목적으로만 사용가능하다는 문구 예 임상시험용\n 임상시험용의약품 명칭 또는 식별표시 눈가림시험의 경우 시험약과 대조\n 약 병기 공개시험은 해당 군만 기재 필요한 경우 제형 투여경로 수량\n 주성분의 함량 또는 역가 등을 포함시킨다\n 내용물과 포장작업을 식별할 수 있는 배치번호 또는 코드번호\n 의뢰자 임상시험 계획 승인을 받은 경우는 계획 승인을 받은 자 명칭\n 임상시험을 식별할 수 있는 참조 코드 다만 임상시험\n 의뢰자가 필요하다고 판단하는 경우 실시기관 연구자 및 의뢰자를 식별\n 할 수 있는 참조 코드를 기재할 수 있다\n 대상자 식별 번호 임상약 번호\n 방문 번호 다만 의뢰자가 해당 임상시험의 특성\n 등을 고려하여 기재 불필요의 특수성을 인정한 경우에는 문서화하고 이\n 를 생략할 수 있다\n 마 면적이 좁아 가목의 전체 항목을 기재하기 어려운 차 포장 앰플 등 인 경\n 우 차 포장에는 다음 항목들만 기재할 수 있으며 차 포장에는 전체 항\n 목들이 반드시 기재되어야 한다\n 임상시험 목적으로만 사용가능하다는 문구 예 임상시험용\n 임상시험용의약품 명칭 또는 식별표시 눈가림시험의 경우 시험약과 대조\n 약 병기 공개시험은 해당 군만 기재 필요한 경우 제형 투여경로 수량\n 주성분의 함량 또는 역가 등을 포함시킨다\n 내용물과 포장작업을 식별할 수 있는 배치번호 또는 코드번호\n 의뢰자 임상시험 계획 승인을 받은 경우는 계획 승인을 받은 자 명칭\n 임상시험을 식별할 수 있는 참조 코드 다만 임상시험\n 의뢰자가 필요하다고 판단하는 경우 실시기관 연구자 및 의뢰자를 식별\n 할 수 있는 참조 코드를 기재할 수 있다\n 대상자 식별 번호 임상약 번호\n 방문 번호 다만 의뢰자가 해당 임상시험의 특성\n 등을 고려하여 기재 불필요의 특수성을 인정한 경우에는 문서화하고 이\n 를 생략할 수 있다\n 사용 유효 기한 다만 중앙 전산 무작위배정시스템\n 사용 등으로 중앙에서 사용 유효 기한 관리가 가\n 능한 경우 생략할 수 있다\n 바 임상시험용의약품에 기재된 사항을 명확하게 전달하기 위하여 부호나 그\n 림을 사용할 수 있다 추가 정보 경고 또는 취급 지시사항을 표시할 수\n 있다\n 사 사용 유효 기한의 변경이 필요한 경우 추가로 표시할 수 있다 추가로 표\n 시하고자 하는 경우 새로운 사용 유효 기한 및 최초의 배치번호를 동일하\n 게 표시하되 품질관리를 위해 최초의 배치번호 위에는 표시하지 않는다\n 아 추가 표시사항 부착은 적절한 제조소에서 실시되어야 하나 정당한 사유가\n 있을 경우 실시기관에서 관리약사가 실시할 수 있다 실시기관에서 추가\n 표시사항 부착 작업을 수행하는 경우 의뢰자는 실시기관이 적절히 업무를\n 수행 및 기록하도록 이중 점검 등 문서화된 절차와 서식을 제공하고 실시\n 기관은 제공된 절차와 서식에 따라 적절히 수행하고 문서화하여야 한다\n 3. 임상약 치료목적 사용승인 신청서류 간소화 안내\n 배포일\n ◈ (배경) 대체치료수단이 없는 응급환자 등에게 적시에 치료기회를 제공하려는 치료목적\n 사용승인제도 취지를 고려하여, 개인별 치료목적 사용승인 신청시 제출 서류를\n 간소화하여 코로나19 환자 등의 치료지연 및 서류준비 불편을 최소화하고자 함.\n ❍ 코로나 환자 말기암환자 등 대체치료수단이 없는 응급환자 등에게\n 적시에 치료기회를 제공하기 위한 조치\n 임상시험용 의약품의 개인별 치료목적 사용 승인 신청 시 제출서류 중\n 진단서는 면제하고 동의서는 서명 없이 동의서 서식 만 제출\n 다만 약사법 제 조제 항 및 제 조의 제 항제 호 에 따라\n 치료 전 환자 서면동의를 받아야 함\n 《 개인별 치료목적 사용승인 신청 제출서류》\n <시행 전> <시행 후>\n ① 전문의 자격증 ① 전문의 자격증\n ② 환자 진료기록 및 의학적 소견서 ② 환자 진료기록 및 의학적 소견서*\n ③ 진단서 ③ 삭제\n ④ 환자동의서(서명포함) ④ 환자동의서 서식\n ⑤ 개발자의 임상약 제공의향서 ⑤ 개발자의 임상약 제공의향서\n 참 고 관련 법령\n 약사법 제 조제 항 및 제 조의 제 항 호\n 제 조 임상시험의 계획 승인 등 의약품등으로 임상시험을 하려는 자는 그에\n 관한 계획서를 작성하여 식품의약품안전처장의 승인을 받아야 하며 승인받은\n 사항을 변경하려는 경우에도 총리령으로 정하는 바에 따라 변경승인을 받아야\n 한다 다만 임상시험 계획서 중 총리령으로 정하는 사항을 변경하려는 경우에는\n 식품의약품안전처장에게 보고하여야 한다\n 생략\n 임상시험 생물학적 동등성시험은 제외한다 이하 이 항에서 같다 을 위하여\n 제조되거나 제조되어 수입된 의약품등은 임상시험이 아닌 다른 용도에 사용하\n 여서는 아니 된다 다만 다음 각 호의 어느 하나에 해당하여 총리령으로 정하는\n 바에 따라 식품의약품안전처장의 승인을 받은 경우에는 해당 의약품등을 임상\n 시험이 아닌 다른 용도에 사용할 수 있으며 이 경우 제 조의 제 항 제 호를\n 준용하여야 한다\n 말기암 또는 후천성면역결핍증 등 생명을 위협하는 중대한 질환을 가진 환자를\n 치료하려는 경우\n 생명이 위급하거나 대체치료수단이 없는 등 총리령으로 정하는 응급환자를\n 치료하려는 경우\n 해당 의약품등을 연구 또는 분석 사람을 대상으로 하지 아니하는 연구 또는\n 분석을 말한다 의 목적으로 사용하려는 경우\n 제 조의 임상시험실시기관 등의 지정 등 생략\n 임상시험실시기관 또는 임상시험검체분석기관은 다음 각 호의 사항을 지켜야\n 한다 다만 제 호부터 제 호까지의 규정은 임상시험실시기관에만 해당한다\n 사회복지시설 등 총리령으로 정하는 집단시설에 수용 중인 자 이하 이 호에서\n 수용자 라 한다 를 임상시험의 대상자로 선정하지 아니할 것 다만 임상시험의\n 특성상 수용자를 그 대상으로 하는 것이 불가피한 경우로서 총리령으로\n 정하는 기준에 해당하는 경우에는 수용자를 임상시험의 대상자로 선정할 수\n 있다\n 임상시험의 내용 임상시험으로 인하여 그 대상자에게 발생할 가능성이 예상\n 되는 건강상의 피해 정도와 보상 내용 및 보상 신청 절차 등을 임상시험의\n 대상자에게 사전에 설명하고 서면 동의 전자서명법 에 따른 전자서명이\n 기재된 전자문서를 포함한다 이하 이 조에서 같다 를 받을 것\n 의약품 등의 안전에 관한 규칙 제 조\n 제 조 임상시험용의약품의 치료목적 사용승인 신청 등 법 제 조제 항제 호\n 에서 총리령으로 정하는 응급환자 란 다음 각 호의 환자를 말한다\n 심각하거나 긴박하게 생명이 위태로운 환자\n 치료시기를 놓치면 치료효과를 기대하기 어려운 상황으로서 대체치료수단이\n 없는 환자\n 임상시험을 위하여 제조되거나 제조되어 수입된 의약품 이하 임상시험용\n 의약품 이라 한다 을 법 제 조제 항제 호 또는 제 호에 해당하는 환자의 치료를\n 위하여 임상시험이 아닌 용도로 사용하기 위한 승인 이하 치료목적 사용승인\n 이라 한다 을 신청하려는 자는 법 제 조제 항 각 호 외의 부분 단서에 따라 별지\n 제 호서식의 임상시험용의약품의 치료목적 연구 등 목적 사용승인 신청서 전자\n 문서로 된 신청서를 포함한다 에 대상 환자의 인원 규모별로 제 항 또는 제 항에\n 따른 서류 또는 자료를 첨부하여 식품의약품안전처장에게 제출하여야 한다\n 개인별 환자를 대상으로 치료목적 사용승인을 신청하려는 전문의는 제 항의\n 치료목적 사용승인 신청서에 다음 각 호의 서류 또는 자료를 모두 첨부하여 제출\n 하여야 한다\n 신청인이 전문의로서 해당 질환에 대하여 전문적 지식과 경험을 갖추고 있음을\n 증명할 수 있는 서류\n 대상 환자의 진료기록 및 대상 환자가 법 제 조제 항제 호 또는 제 호에 해당\n 한다는 의학적 소견에 대한 요약 자료\n 대상 환자에 대한 진단서\n 다음 각 목의 사항이 포함된 해당 환자의 동의서\n 가 임상시험용의약품의 사용 목적\n 나 환자에게 미칠 것으로 예상되는 위험이나 불편\n 다 신청인인 전문의가 임상시험용의약품 사용에 영향을 줄 수 있는 새로운 정보를\n 취득하면 지체 없이 환자 또는 환자의 대리인에게 알릴 것이라는 사실\n 라 환자의 임상시험용의약품 사용 여부 결정은 자발적이라는 사실\n 마 환자가 원래 받을 수 있는 이익에 대한 손실 없이 임상시험용의약품 사용을\n 거부할 수 있으며 사용 중에도 언제든지 사용을 중단할 수 있다는 사실\n 바 임상시험용의약품의 제공자가 환자에게 비용을 청구하는 경우에는 그 비용을\n 부담하여야 한다는 사실\n 사용하려는 임상시험용의약품에 대한 제공자의 제공 의향서\n 4. 임상시험(생동성시험 포함) 대상자 모집 관련 유의사항\n 배포일\n 최근 임상시험(생동성시험 포함) 대상자 모집 시 부작용 등 위험성에 관한 정보\n 없이, 참여보상금액 등으로 참여를 유도하는 부적절한 광고로 인해 임상시험이\n 고수익 아르바이트로 왜곡되고, 대상자 안전 등 사회적 우려가 지속되고 있습니다.\n 이에, 임상시험 대상자 모집 시 아래 유의사항에 유념하시어 적법한 절차에 따\n 라 임상시험이 진행될 수 있도록 당부 드립니다.\n ※ ‘18년, ’19년 배포된 유의사항 등을 통합, 온라인 매체를 사용한 임상시험\n 대상자 모집공고 유의사항을 추가 보완하여 작성된 것으로, 동 ‘21.5.26\n 일자 유의사항 및 공고문 작성기준을 업무에 활용하시기 바랍니다.\n 임상시험 생동성시험 포함 이하 같음 대상자 모집공고 내용 관련\n ❍ 임상시험의 명칭 목적 방법 대상자 자격과 선정기준 의뢰자와\n 책임자의 성명 법인명 ･주소･연락처 및 예측 가능한 부작용에 관한\n 사항을 기재하고 특히 예상하지 못한 부작용도 발생할 수 있다 는\n 내용을 포함하여 기재할 것\n ❍ 참여보상금액 알바비용 식약처 인증 등 대상자가 임상시험에\n 참여하는 데 부당한 영향을 미치는 내용은 기재하지 말 것\n ❍ 대상자 또는 다른 사람을 추천하는 경우에 선물을 제공하거나, 이를\n 알리는 공고를 하지 말 것\n ❍ 임상시험 대상자 모집 공고문 작성 기준 을 참고하여 임상시험\n 대상자의 합리적인 참여 결정을 위해 필요한 정보를 이해하기 쉽고\n 정확하게 전달할 수 있도록 작성할 것\n 온라인 매체를 사용한 임상시험 대상자 모집공고 관련\n ❍ 부적절한 모집공고의 삭제･차단 등 적절한 관리시스템 마련 할 것\n ❍ 모집공고에 포함되어 있는 정보는 나 편집이 통제된 형태\n 일 것\n ❍ 온라인 매체를 활용하는 사람의 개인정보가 철저히 보호될 수\n 있도록 할 것\n 임상시험 대상자 모집공고 절차 및 모집업체 선정 등 관련\n ❍ 임상시험실시기관(임상시험심사위원회, 이하 irb)은 구체적인 임상시험\n 대상자 확보 절차(모집 매체, 공고 내용, 모집 절차 등)에 대해 적절하게\n 심사할 수 있도록 절차를 마련하고, 심사 결과를 문서화할 것\n - 특히, 온라인 모집 업체는 아래와 같이 부적절한 모집 방법으로\n 대상자를 확보하는 업체인지 여부 검토 필요\n <온라인 모집 업체의 부적절한 모집 절차 진행 사례>\n - 임상시험 추천자에게 수당 또는 상품권 지급\n - 고수입알바, 알바를 기재하여 시험대상자 유인\n - 알바 모집·구인구직 사이트를 통해 예비 시험대상자 확보\n - 임상시험 대상자에게 부작용 등 위험성에 관한 구체적인 정보없이 참여보상\n 금액 등 위주로 정보 안내하여 참여 유도 등\n - 아울러, ▲온라인 매체 뿐만 아니라 기타 전화, 문자, 메일 등으로\n 별도 정보 제공 시 해당 정보 방법·내용 ▲콜센터 운영 시 대상자\n 등에게 안내하는 정보 등 운영 방법 ▲대상자의 개인정보 취득 시\n 취득절차·보관·폐기 등 관리 방법 검토 필요\n ❍ 임상시험의뢰자 등 온라인 모집 매체에 대상자 모집을 위탁하는 업체\n /기관은 다음 사항을 준수하여 대상자 모집업체를 관리하고, irb의\n 승인받은 사항에 따라 대상자를 윤리적으로 적법하게 모집할 수\n 있도록 절차를 마련하고, 대상자를 확보 절차 및 그 결과를 문서\n 화할 것\n - 온라인 모집 절차를 위탁하고자 하는 경우 업체 선정 시 irb에서\n 승인받지 않은 부적절한 모집 절차 진행 여부를 명확히 확인하고,\n 부적절한 모집 절차 진행하는 업체는 선정 대상에서 제외할 것\n - 온라인 모집 절차에 대해 위탁 계약 진행 시 irb에서 승인받지 않은\n 부적절한 모집 절차를 진행하지 않도록 할 것\n - 승인 받지 않은 절차로 대상자를 확보하고 있는 경우 변경 조치 요청\n 하고, 이미 부적절한 게시물이 게시되어 있는 경우, 신속하게 삭제\n 조치 요청 할 것\n - 임상시험 모집 과정에서 부적절한 모집 절차를 진행하는 여부 등에\n 대해 정기적으로 관리·감독을 철저히 할 것\n ❍ 임상시험 온라인 모집 업체는 다음 사항을 준수할 것\n - irb에서 승인한 구체적인 임상시험 대상자 확보 절차(모집 매체, 공고\n 내용, 모집 절차* 등)에 대해 확인하고, 그 절차를 준수하여 대상\n 자를 확보할 것\n - irb에서 승인 받지 못한 절차는 변경 조치하고, 게시된 게시물 등도\n 신속하게 삭제하고, 그 결과를 문서화할 것\n 임상시험 대상자 참여보상금액 산정 등 관련\n ❍ 임상시험을 실시하려는 자 또는 임상시험실시기관은 임상시험에\n 참여하는 대가로 금전적 보상을 하는 경우 참여보상금액에 대한\n 합리적인 산정기준을 마련*하고, 이를 준수할 것\n 임상시험 대상자 모집 공고문 작성 기준\n ✔ 임상시험 대상자의 합리적인 참여 결정을 위해 필요한 정보를\n 이해하기 쉽고 정확하게 전달\n ㅇ 작성 항목\n 임상시험의 명칭 식약처 또는 승인 받은 제목 전체\n 목적 유효성 확인 등 임상시험을 실시하는 간략한 사유\n 임상시험 방법 군 정보 무작위 배정 여부 방문 일정 참여 기간\n 검사 종류\n 대상자 자격과 선정기준 필수 선정기준 등\n 의뢰자가 정하는 사항\n 의뢰자와 책임자의 성명 법인명 ･주소･연락처 의뢰자의 법인명\n 주소 연락처 및 실시기관 시험책임자의 성명 주소 연락처\n 예측 가능한 부작용 시험약 및 대조약에 대한 다빈도 부작용\n 및 집중 모니터링이 필요한 부작용을 포함한 심각한 부작용\n ☞ 예상하지 못한 부작용도 발생할 수 있다 는 내용 포함\n ㅇ 작성 시 유의 사항\n 대상자 모집 공고문이 임상시험임을 명확히 하며 임상시험 참여에\n 부당한 영향을 미치는 사항 의학적 효능 효과 등이 있는 것으로\n 오인될 우려가 있는 내용 등 을 포함하지 말 것\n 임상시험 대상자 대상자의 대리인 또는 참관인이 이해할 수 있는 쉬운\n 용어를 사용할 것\n 글자 크기 여백 등에 대한 제한은 없으나 충분히 가독성 있어야\n 하고 시험책임자의 이름 및 연락처는 눈에 띄도록 할 것\n 붙임 모집공고문 예시\n 모집공고관련 질의･응답\n 붙임 모집 공고문 예시\n 붙임 모집공고 관련 질의･응답\n']"
15. 항암제+비임상시험+가이드라인+질의응답집.txt,"q1-1. ich s9 가이드라인은 중증 및 생명을 위협하는 악성종양이 있는 환자
 에게 암을 치료하기 위한 의약품에 대한 정보를 제공합니다. 모든 항암제
 초기 개발 계획에 s9이 적용됩니까?
",2,"['v 대부분의 초기 개발 프로그램은 유효한 치료법에 반응하지 않거나 저항성\n 인 진행성 암환자(성인 및 소아)에게 수행되기 때문에, ich s9에 기술된\n 비임상시험 프로그램이 이에 해당됩니다. 질문 1.2의 답변도 참고하십시오.\n', 'v 저항성 혹은 불응성이 아닌 암의 다른 초기 개발 프로그램의 경우도, ich\n s9이 시작점으로 사용되어야 하며, ich m3(r2)(의약품 비임상시험 가이드\n 라인) 및 s6(r1)(생물의약품의 비임상시험 가이드라인)에 따른 다른 시험\n 도 적절하게 추가되어야만 합니다.\n']"
15. 항암제+비임상시험+가이드라인+질의응답집.txt,"q1-2. 사람에 대한 최초 임상시험(fih, first in human)이 유효한 치료법에
 반응하지 않거나 저항성인 환자 집단에서 수행되는 경우, 다른 암종에
 서의 후속 1상 임상시험(저항성 혹은 불응성인 집단임은 동일)도 s9 적용이
 가능합니까?
",1,['v 네.\n']
15. 항암제+비임상시험+가이드라인+질의응답집.txt,"q1-3. 일반적으로, 가이드라인은 환자의 예상 생존기간이 약 3년인 경우
 적용하는 것으로 해석되었습니다. 대상자 집단에 대해 더 명확하게
 제공하는 것이 필요할 것입니다.
",1,['v s9 가이드라인은 예상 생존기간의 년수를 기준(reference)으로 삼지 않으며\n 가이드라인의 적용은 년수로 측정된 기대수명에 근거해서는 안 됩니다.\n 적용 범위에 대해 질문 1.1과 1.2를 참고하십시오.\n']
15. 항암제+비임상시험+가이드라인+질의응답집.txt,"q1-4. ich s9이 항암제가 아닌, 치료 선택권이 한정된 치명적인 질환에
 대한 비종양학적 치료법에도 적용됩니까?
",1,"['v 이러한 적응증들은 ich s9의 적용 범위를 벗어납니다. 항암제가 아닌,\n 생명을 위협하거나 심각한 질환에 대한 치료제 개발을 최적화하기 위한\n 사례별 접근법에 대해 특정 비임상시험들이 언제 요약, 지연, 생략 또는\n 추가될 수 있는지에 대한 가이드는 ich m3(r2)를 참고하십시오.\n']"
15. 항암제+비임상시험+가이드라인+질의응답집.txt,"q1-5. 수술 후 보조요법 혹은 선행화학요법에 대한 임상시험도 ich s9이 적용
 됩니까?
",4,"['v 네. 발견 가능한 잔존하는 종양조직이 없을 때에도 ich s9은 수술 후 보조\n 요법 혹은 선행화학요법에서 사용되는 약물에 대한 시작점으로 고려할 수\n 있습니다. 환자에서 생성된 데이터(예를 들어, 초기 프로그램이 불응성 말기\n 단계일 때)가 고려되어야 하고 비임상 프로그램을 생략하는 데 사용될 수도\n 있습니다.\n', 'v 높은 치료율과 낮은 재발률, 그리고/혹은 재발이 길게 지연되는 것이 잘\n 알려진 사례들에서는 추가적인 비임상시험들(예를 들어, 생식․발생독성시\n 험 일체(complete program), 발암성시험 등)이 시판 전에 필요할 수 있습\n 니다. 이러한 요소들이 덜 정의되어 있고 재발이 빠르거나 재발률이 높은\n 사례들의 경우, 추가적인 시험의 필요성과 시기는 비임상과 임상 안전성\n 데이터의 완결성, 치료율, 재발까지의 예상 시간을 고려한 각각의 사례별\n 로 결정될 수 있습니다.\n', 'v 초기 개발 프로그램이 수술 후 보조요법 혹은 선행화학요법이라면, 더\n 긴 기간의 반복독성시험을 포함한 추가적인 비임상시험이 필요할 수 있\n 습니다.\n', 'v 모든 경우에서 질병의 자연적인 경과를 고려하는 것이 중요합니다. 질문\n 1.1과 1.6을 참고하십시오.\n']"
15. 항암제+비임상시험+가이드라인+질의응답집.txt,"q1-6. 치료제가 생존을 증가시키는 경우, 이후 어떤 독성시험이 추가적으로
 권장됩니까?
",1,"['v 항암제가 환자의 생존을 연장시키는 것으로 보일 때 보통 추가적인 일반\n 독성시험들이 필수사항은 아니나, 경우에 따라 사례별로 필요할 수 있습\n 니다. 추가적인 동물시험에서 생성된 자료보다 대상 환자군의 임상시험\n 안전성 자료가 사람에 대한 위해성을 평가하는 데 더 적절할 수 있습니다.\n (일반독성시험 외에) 추가적인 시험들이 중요하다면, 이러한 시험들은 시판\n 후에 가능할 수 있습니다.\n']"
15. 항암제+비임상시험+가이드라인+질의응답집.txt,"q1-7. 본 가이드라인의 적용 범위는 예상 생존기간이 긴 환자들의 경우,
 추가적인 비임상 독성시험에 대한 권장사항이 이용 가능한 비임상 및
 임상시험 자료, 그리고 관찰된 독성의 특징에 따른다고 기술되어 있습
 니다.
 항암제가 현재 s9 가이드라인에 따라 특정 악성종양 치료제로 임상을
 진행 중이거나 허가받았을 경우, 당장 생명을 위협하는 질환은 아니지만
 중증의 다른 질환(항암 관련 적응증)에 적용하고자 한다면, 추가적인 비임상
 안전성시험이 요구됩니까?
",2,"['v 치료제 개발 방향을 ‘승인받은 항암 관련 적응증, 혹은 승인받지 않았\n 지만 비임상 및 임상시험에서의 안전성 자료가 충분히 있는 항암 관련\n 적응증’에서 ‘당장 생명을 위협하지는 않지만 중증의 다른 승인받지\n 않은 항암 관련 적응증’으로 변경할 경우, 추가적인 일반독성시험 자료,\n 예를 들면 만성독성시험 자료(6개월 혹은 9개월 반복투여독성시험 자료)는\n 일반적으로 필수사항은 아닙니다.\n', 'v 질문 1.6에 대한 답과 유사하게, 승인받은 적응증의 환자군에서 생성된\n 임상 안전성 자료는 대부분 승인받지 않은 적응증의 환자군에 대한 안전성\n 계획을 알려주는데 유의미하고 적절합니다. 일반독성 이외의 독성시험이\n 경우에 따라 필요할 수 있습니다.\n 2. 비임상 평가를 위한 시험\n']"
15. 항암제+비임상시험+가이드라인+질의응답집.txt,"q2-1. ich s9 “2.1 약리학” 항(항암제 비임상시험 가이드라인 iv. 1) 효력
 시험 항)에서, 약리학 연구를 통해 항암 효능에 대한 특성분석이 이루어
 져야 한다고 기술하고 있습니다. 이 때의 가정은 이러한 시험들이 in
",2,"['vivo 연구라는 것입니다.\n 전형적인 동물 모델(예: 이종이식 모델)의 경우 일반적으로 사람의 반응을\n 예측하지 못하는데, in vivo 시험이 약리학을 규명하는 데 필수적입니까?\n', 'v 항암 효능에 대한 약리학 연구에 사용된 in vitro 시험이 관련 자료를 생성\n 한 것으로 명확하게 입증된다면, 그것으로 충분한 것으로 고려될 수도 있\n 습니다.\n']"
15. 항암제+비임상시험+가이드라인+질의응답집.txt,"q2-2. 사람에 대한 최초 독성시험을 뒷받침하는 독성시험에 회복군을 포함
 시켜야 합니까?
",2,"['v 모든 일반독성시험에서 회복군을 자동적으로 포함시켜야 하는 것은 아니\n 지만, 임상 개발을 뒷받침하는 모든 일반독성시험에서 회복 가능성에 대한\n 과학적 평가가 제공되어야 합니다.\n', 'v 이 정보는 관찰된 특정 효과가 일반적으로 가역적인지 비가역적인지에\n 대한 이해를 통해서, 혹은 적어도 하나 이상의 시험 및 하나 이상의 용량\n 수준에서의 회복 기간을 포함시킴으로써 얻을 수 있으며, 이는 개발자가\n 입증해야 합니다.\n']"
15. 항암제+비임상시험+가이드라인+질의응답집.txt,"q2-3. 3상 임상시험을 뒷받침하기 위한 3개월 반복투여독성시험에 회복군
 을 포함시켜야 합니까?
",3,"['v 단기간의 독성시험 혹은 임상시험에서 회복군을 통해 밝혀진 우려사항\n 이 없다면 3개월 시험에서의 회복군은 특별히 요구되지 않습니다.\n', 'v 예를 들어, 회복군이 단기간 독성시험에 포함되지 않아서 관찰된 특정\n 효과가 가역적인지 혹은 비가역적인지 여부에 대해 충분한 이해가 되지\n 않는 경우, 임상적 자료 없이 혹은 제한된 임상적 자료 하에 3개월 독성\n 시험이 수행되는 경우 등은 회복군 설정이 필요합니다.\n', 'v 모든 일반독성시험에서 회복군을 자동적으로 포함시켜야 하는 것은 아니\n 지만, 임상 개발을 뒷받침하는 일반독성시험에서 회복 가능성에 대한\n 과학적 평가가 제공되어야 합니다. 이에 대해 적절한 비임상 모델을 사용\n 하는 직접적인 접근법이 보다 적절할 수 있습니다.\n']"
15. 항암제+비임상시험+가이드라인+질의응답집.txt,"q2-4. 암환자에게는 지지요법(supportive care drugs, 예: 항생제)이 종종
 제공됩니다. 독성시험에 지지요법을 추가하는 것이 적절한 경우가 있습
 니까?
",1,"['v 독성시험에서 감염된 동물을 지지요법으로 치료하는 것이 경우에 따라\n 적절할 수 있습니다(예를 들어, 면역 억제로 인한 2차 감염이 관찰되는\n 경우). 모든 동물에게 예방적 차원에서 지지요법을 제공하는 것은 일반\n 적으로 권장되지 않습니다.\n']"
15. 항암제+비임상시험+가이드라인+질의응답집.txt,"q2-5. ich s9에 따라 개발된 약물에 대한 약물 의존성 시험의 필요성에
 대한 가이드라인이 있습니까?
",1,['v 비임상 약물 의존성 시험은 일반적으로 진행성 암환자 치료를 위한 의약\n 품의 임상시험 또는 시판을 뒷받침하기 위해 요구되지는 않습니다.\n']
15. 항암제+비임상시험+가이드라인+질의응답집.txt,"q2-6. ich s9에 따라 개발 중인 의약품 중 상보성 결정 영역(cdr,
 complementary determining region, 항원과 직접 결합하는 부위)[즉, 단
 클론항체, 항체-약물 결합 제품(adc, antibody drug conjugates)]을 갖고
 있는 생물의약품에 대한 조직 교차 반응성 시험*의 유용성은 무엇이며,
 이에 대한 연구가 수행되어야 합니까?
 * 항체치료제 개발 시 조직 교차 반응성 시험은 독성시험의 일부로 실시된다.
",2,"['v 일반적으로, 조직 교차 반응성 시험은 특별한 우려사항이 없는 한, 초기\n fih 시험(사람에 대한 최초 임상시험) 혹은 그 이후 단계에서 유용성이\n 거의 없고 필요하지 않습니다.\n', 'v 약리학적으로 적절한 종이 없는 경우, 사람에 대한 최초 임상시험(first\n in human study)을 위해 사람 조직 교차 반응성 시험 혹은 대체시험법이\n 고려되어야 합니다.\n']"
15. 항암제+비임상시험+가이드라인+질의응답집.txt,"q2-7. 이 가이드라인에서는 배태자 사망 또는 기형 발생이 양성인 경우,
 통상 두 번째 종에서의 확증 연구는 필요로 하지 않습니다.
 한 종에서의 용량 결정 시험에서 배태자 사망 또는 기형 발생의 명백한
 증거가 관찰된다면, 그 종에서 확증시험이 권장됩니까?
",1,['v 용량-결정 시험에서 배태자 사망 또는 기형 발생의 증거가 명백하게 드러\n 나는 경우라면 확증시험은 일반적으로 요구되지 않습니다. 한 종에서의\n 이 용량-결정 시험이 품목허가신청을 뒷받침하는 자료로 충분할 수 있습\n 니다.\n']
15. 항암제+비임상시험+가이드라인+질의응답집.txt,"q2-8. ich s9 “2.5 생식․발생독성” 항(항암제 비임상시험 가이드라인 iv.
 4) 나. 생식․발생독성시험 항)에서, 생물의약품의 경우 다른 방법을 고려
 할 수 있다고 기술되어 있습니다.
 생식․발생독성 평가에 있어서 저분자 의약품의 in vitro와 in vivo 대체
 시험들의 역할이 있습니까?
",1,['v 네. 대체 시험들은 생식․발생 위해성(risk)에 대한 안전성 평가에 사용을\n 고려해볼 수 있습니다.\n']
15. 항암제+비임상시험+가이드라인+질의응답집.txt,"q2-9. 만약 적절한 종이 비인간 영장류(nhp, non-human primates) 뿐이고
 약의 작용기전상 생식․발생독성 위해성이 예측되는 경우 및/또는 유전자
 기능을 없앤(knock-out) 동물이나, 설치류에서 대체 생물의약품
 (surrogate biologics) 사용 시 생식․발생 위해성을 나타낼 경우, 이러한
 접근법이 위험성(hazard)을 확인하는 데 충분한 것으로 간주됩니까?
 아니면 임신한 비인간 영장류(nhp)를 대상으로 시험을 수행해야 합니까?
",3,"['v 생식․발생 위해성에 대한 증거의 가중치(weight-of-evidence) 평가가 제공\n 되어야 합니다. 배태자 발생에 대한 위험성을 평가하기 위한 비인간\n 영장류 시험이 기본 접근법으로 고려되어서는 안 됩니다.\n', 'v 증거의 가중치가 명백하게 위해성을 가리킨다면, 비인간 영장류에 대한\n 배태자 발생 시험은 필수적으로 요구되지 않습니다. 비인간 영장류의\n 발생독성시험은 ich s6(r1)에 따라 위험성 확인만 가능합니다.\n', 'v 예상되는 생식․발생 위험성은 허가사항에 적절하게 기재되어야 합니다.\n']"
15. 항암제+비임상시험+가이드라인+질의응답집.txt,"q2-10. 비임상 수유 및 태반 통과 연구가 필수적입니까?
",1,['v 특정 수유 또는 태반 통과 연구는 필요하지 않습니다.\n']
15. 항암제+비임상시험+가이드라인+질의응답집.txt,"q2-11. 몇 개의 in vitro 유전독성 시험이 양성이어야 in vivo 유전독성 시험
 이 필요하지 않을 수 있습니까(항암제 비임상시험 가이드라인 iv. 4) 다.
 유전독성시험 항)?
",3,"['v 박테리아를 이용한 복귀돌연변이 시험(ames test)에서 양성이면, in vivo\n 유전독성 시험이 요구되지 않습니다.\n', 'v 박테리아를 이용한 복귀돌연변이 시험에서 음성이나, in vitro 염색체 이상\n 시험(포유류 배양세포를 이용한 체외 염색체이상 시험 또는 마우스 림포마\n tk+/- 시험) 결과가 양성이면, in vivo 유전독성 시험이 반드시 고려되어야\n 합니다.\n', 'v 추가적인 정보는 ich s2(r1)를 참조하십시오.\n']"
15. 항암제+비임상시험+가이드라인+질의응답집.txt,"q2-12. ich s9 “2.9 광안전성 시험” 항에서, 물리화학적 특성에 따른 광독성
 가능성에 대한 초기 평가에서 광독성 위해성이 있다면, 언제 비임상
 광안전성 시험을 수행해야 합니까?
",1,"['v 광안전성 시험의 시점에 대해서는 ich s9이, 광안전성 평가를 위해서는\n ich s10이 논의되어야 합니다. 항암제 비임상시험 가이드라인 ‘iv. 4)\n 바. 광안전성시험 항’을 참고하십시오.\n 3. 임상시험 디자인 및 품목허가를 위한 비임상시험 자료\n']"
15. 항암제+비임상시험+가이드라인+질의응답집.txt,"q3-1. ich s9 “3.1 최초 인체 투여 시 개시 용량” 항에서, 참고문헌에
 면역 효능제(immune agonists) 생물의약품이 언급되어 있습니다.
 저분자 의약품 또한 면역 효능제가 될 수 있습니다. 저분자 의약품에
 대해서도 mabel 접근법(minimally anticipated biological effect level,
 즉, 최소한의 생물학적 효과가 예상되는 수준을 개시 용량으로 선정하는
 방법)을 적용할 수 있습니까?
",1,"['v 적절하다면, in vivo 혹은 in vitro 자료를 이용한 mabel 접근법이 저분자\n 의약품에도 적용 가능합니다. 만약 위해요인이 (1) 작용 기전, (2) 표적\n (target)의 특징, 및/또는 (3) 동물 혹은 in vitro 모델과의 상관성에 대한\n 내용으로부터 도출되었다면, 이 접근법이 고려되어야 합니다.\n']"
15. 항암제+비임상시험+가이드라인+질의응답집.txt,"q3-2. ich s9 3.1 항 주석 2*의 “심각하고 비가역적인 독성이 발생하지
 않는 최대 용량(hnstd, highest non-severely toxic dose)” 접근법*이
 생물의약품에도 적용될 수 있습니까?
",1,"['v 생물의약품(adc 포함)의 동물과 사람 사이의 결합 친화도 및 약리학적\n 특성의 차이를 고려할 경우, hnstd 접근법이 생물의약품의 개시 용량(예:\n 의약품이 면역 효능제가 아닌 경우)을 결정하는 데 적절할 수 있습니다.\n']"
15. 항암제+비임상시험+가이드라인+질의응답집.txt,"q3-3. ich s9에서는 이용 가능한 독성학적 정보가 임상시험 치료 일정 변경
 의 근거로 뒷받침되지 못하는 경우, 단일 종에서의 독성시험이 추가되면
 일반적으로 충분하다고 기술하고 있습니다.
 처음 계획된 치료 일정으로 독성시험이 이미 3개월간 수행된 경우, 어떤
 추가적인 독성시험(1개월 또는 3개월 독성시험)을 수행해야 합니까?
",1,"['v 필요한 경우, 바뀐 투여일정으로 수행한 1개월까지의 독성시험 연구는\n 치료 일정 변경 및 시판의 근거자료로 일반적으로 충분합니다(아래 ich\n s9 표 1 참조). 이 시험은 임상시험 시작 전에 이용가능해야 합니다.\n 임상 투여 일정 비임상시험 치료 일정 예\n 매 3~4주마다 1회 단회 용량\n 매 3주마다 5일간 매일 5일간 매일\n 격주 단위로 5~7일간 매일 5~7일간 매일, 격주(2 투여주기)\n 3주 동안 1주일에 1회, 1주일은 쉼 3주 동안 1주 1회\n 1주일에 2~3회 4주 동안 1주 2~3회\n 매일 4주 동안 매일\n 매주 4~5주 동안 1주 1회\n']"
15. 항암제+비임상시험+가이드라인+질의응답집.txt,"q3-4. 급속 분열 세포를 표적으로 하는 유전독성 약물에 대해, 시판을 포함
 하여, 지속적인 임상 개발을 위해 권장되는 일반독성시험은 무엇입니까?
",1,"['v 종간 차이 없이 일관성 있게 예상되는 항-증식 효과(급격하게 자라는 조\n 직에서 명백한)가 있는, 급속 분열 세포를 표적으로 하는 유전독성 약물\n (예: 뉴클레오시드 유사체, 알킬화제, 미세소관 억제제 등)의 경우, 지속\n 적인 임상 개발 및 허가 시 설치류 한 종에 대한 3개월 반복투여독성\n 시험은 충분한 것으로 간주될 수 있습니다.\n']"
15. 항암제+비임상시험+가이드라인+질의응답집.txt,"q3-5. ich s9 “3.5 항암제의 병용투여” 항에서, 병용투여 하고자 하는 의약
 품은 독성 평가가 개별적으로 잘 연구되어야 한다고 기술하고 있습니다.
 이러한 비임상시험 자료가 병용요법 연구에 대한 근거를 뒷받침하는 자료
 로서 어떻게 “독성 평가가 개별적으로 잘 연구되었다”라고 고려됩니까?
 필요한 경우, 언제 특정 독성시험이 권고됩니까?
",4,"['v “개별적으로 잘 연구되었다”는 것은 독성 평가가 의약품 각각(단일요법)\n 의 임상시험들을 뒷받침하기에 충분하다는 것을 의미합니다. 충분한 임상\n 자료(예: 완료된 1상 혹은 1상 내 단일요법 군)가 각각의 단일제와 함께\n 이용 가능하다면, 추가 비임상시험 자료는 필요하지 않을 수 있습니다.\n 병용요법 연구에 대한 타당한 근거를 뒷받침하는 자료를 제공해야 하며,\n 이러한 자료에는 in vitro 혹은 in vivo 약리학적 시험 자료 혹은 문헌\n 평가가 포함될 수 있습니다.\n', 'v 병용투여 하는 성분 중 하나에 대하여 사람에서의 안전성 자료가 없거나\n 매우 제한적일 경우, 단일제제에 대한 독성시험 외에도 병용요법에 대한\n 비임상 약리학적 시험이 고려되어야 합니다.\n', 'v 동물종에서 약리학적으로 비활성인 의약품에 대해서는, 관련 in vitro 및/또는\n 표적 생물학의 기전적 이해에 기반하여 병용요법에 대한 평가가 수행될 수\n 있습니다.\n', 'v 병용시 안전한 시작 용량을 결정하는 데 이용가능한 임상시험 혹은 비임상\n 시험자료가 부족하다면, 사람에서 병용시 안전한 시작용량을 결정하기\n 위한 특정 독성 시험이 필요할 수 있습니다.\n']"
15. 항암제+비임상시험+가이드라인+질의응답집.txt,"q3-6. ich s9의 “3.5 항암제의 병용투여” 항에서는 임상시험을 시작하기
 전에 병용요법에 대한 타당한 근거를 뒷받침하는 자료를 제공해야 한다고
 기술하고 있습니다.
 “병용요법에 대한 타당한 근거를 뒷받침하는 자료”란 무엇입니까?
",1,"['v 병용요법 임상시험이 타당함을 입증하기 위해 과학적이고 타당한 근거가\n 제시되어야 합니다. 병용요법에 대한 타당한 근거를 뒷받침하기 위해, 실행\n 가능한 경우, 약리학적 시험(예: 동물 종양 모델, 표적 생물학의 기전적\n 이해에 기반한 in vitro 혹은 in vivo 시험)에서 병용요법에 따른 항암 활성\n 이 증가됨을 보여주는 자료가 제공되어야 합니다.\n']"
15. 항암제+비임상시험+가이드라인+질의응답집.txt,"q3-7. 개발 후기 단계에서 진행성 환자 치료로 특정 항암제와 반드시 병용
 하는 약물로서, 상승제(enhancer) 같이 약물 자체로는 항암 효과가 없는
 약물을 개발하고자 하는 경우 ich s9 가이드라인이 적용 가능합니까?
 만약 s9이 적용된다면, 사람에 대한 최초 임상, 임상개발과정, 그리고
 품목허가신청을 위해 어떤 비임상 연구들이 권장됩니까?
",3,"['v 적용 가능합니다. 이러한 상승제도 암을 치료하기 위한 것이라면 ich s9의\n 적용 범위 내에 있습니다. 다만, 해당 상승제가 비활성이라는 자료가 반드시\n 제출되어야 합니다.\n', 'v 병용에 대한 일반독성, 안전성약리, 생식․발생독성 평가가 수행되어야 합니다.\n 상승제 단독으로는 단독제제로만 수행한 최대 1개월까지의 일반 독성시험으로써,\n 혹은 병용에 대한 일반독성시험 수행시 설정된 상승제 단독군으로써 비교적\n 제한된 안전성 평가가 이루어집니다 (ich s9의 표 1 참조).\n', 'v 유전독성시험은 관련성에 따라 각 의약품 단독 혹은 병용에 대해 수행될\n 것입니다. 시험 수행 시기는 ich s9을 따라야 합니다.\n 4. 기타 고려사항\n']"
15. 항암제+비임상시험+가이드라인+질의응답집.txt,"q4-1. ich s9 “4.1 결합 제품” 항에서, 결합된 물질의 안전성이 일차
 (primary) 관심 사항이며, 비결합 물질의 안전성은 보다 제한적인 평가를
 한다고 기술되어 있습니다. adc에서 “보다 제한적인 평가”가 의미하는
 것은 무엇입니까?
",2,"['v “4.1 결합 제품” 항의 “비결합 물질”은 약물(payload)을 의미합니다.\n', 'v 전체 항체-약물 결합 제품(adc) 분자가 적어도 한 종에서 시험되어야 합\n 니다. 약물/연결체(payload/linker)의 고찰을 위해 질문 4.3을 참고하십시오.\n']"
15. 항암제+비임상시험+가이드라인+질의응답집.txt,"q4-2. 항체-약물 결합제품의 항체가 개별적으로 특성 분석이 되어 있지
 않은 경우, 항체만 있는 군을 독성시험시 포함시켜야 합니까?
",1,"['v 일반적으로, 단클론항체만을 대상으로 한 연구는 필수사항은 아닙니다.\n']"
15. 항암제+비임상시험+가이드라인+질의응답집.txt,"q4-3. 약물 및/또는 연결체만 시험하는 것이 권장됩니까?
",3,"['v 예비시험과 약물의 특성에 따라 약물 또는 약물/연결체에 대해, 필요하\n 다면, 어떤 추가적인 시험이 적절할지에 대해 결정될 것입니다.\n', 'v 연결체 단독에 대한 평가는 일반적으로 필수적인 것은 아닙니다. 약물\n 혹은 약물/연결체에 대한 독성이 규명된 경우(예: 예비시험 결과), 약물\n 혹은 약물/연결체에 대한 glp 연구가 필수적인 것은 아니며 생략될 수\n 있습니다.\n', 'v 만약 약물/연결체의 독성이 규명되지 않았다면 약물 혹은 약물/연결체는\n 한 종에서 별도의 연구로 평가되거나 adc에 대한 독성 연구에 군을 추가\n 하여 평가될 수 있습니다. ich s6(r1) 주석 2*를 참고하십시오.\n * 항체-약물 결합 제품(adc)의 안전성을 평가하는데 이용 가능한 두 종이 있다면, 결합되지\n 않은 약물에 대해 한 종에서 단기 연구의 한 군으로 포함시키거나 혹은 추가적인 단기 연구를\n 수행해야 한다. 이러한 경우, 설치류에서 독소가 활성이 없는 경우가 아니라면 설치류에서\n 수행함이 바람직하다. 만약 하나의 약리학적으로 연관된 종이 있다면, adc는 그 종에서 시험\n 하여야 한다. 새로운 독성물질은 새로운 화학물질과 유사한 종 선택의 접근 방식을 필요로\n 하며 사례별로 접근해야 한다. 새롭지 않으며 이용 가능한 과학적 정보가 충분한 경우,\n 비결합 약물에 대한 별도의 평가는 요구되지 않는다. 동물과 사람에서 adc의 대사 안정성\n 을 비교하기 위한 데이터가 제공되어야 한다.\n']"
15. 항암제+비임상시험+가이드라인+질의응답집.txt,"q4-4. 어떤 독성 동태(tk) 분석이 수행되어야 합니까? 항체 단독 그리고
 약물 단독이 adc로부터 구별되어야 합니까?
",1,"['v 현재 가장 좋은 독성 동태 연구는 adc와 약물 각각의 농도를 측정하는\n 것이고, 항체 단독의 추정 농도가 제공되어야 합니다.\n']"
15. 항암제+비임상시험+가이드라인+질의응답집.txt,"q4-5. 사람에 대한 최초 임상시험 단계에서 혈장에서의 결합 안정성이 포함
 되어야 합니까? 그렇지 않다면, 어느 단계에서 결합 안정성 정보가 요구
 됩니까?
",1,"['v 사람에 대한 최초 임상시험을 뒷받침하기 위해, 사람 및 독성시험 동물\n 종에서 adc의 혈장에서의 결합안정성에 대한 in vitro 시험 자료가 이용\n 가능해야 합니다.\n']"
15. 항암제+비임상시험+가이드라인+질의응답집.txt,"q4-6. adc의 사람에 대한 최초 임상시험 개시 용량 설정에 대한 권장되는
 접근법이 있습니까?
",2,"['v 암환자에 대한 개시 용량 설정은 ich s9의 설명과 동일합니다. 예를 들면,\n 세포독성 약물의 경우, 시작 용량은 설치류를 대상으로 동물의 10%에서\n 심각한 독성을 일으키는 용량의 1/10(std 10), 혹은 비설치류를 대상으로\n 심각하고 비가역적인 독성이 발생하지 않는 최대 용량(hnstd)의 1/6로\n 결정됩니다.\n', 'v adc의 경우 체표면적에 근거하여 결정되며, 가장 적합한 그리고/또는\n 민감한 종을 선택합니다. 새로운 종류의 adc에 대해 다른 접근법이 고려\n 될 수도 있습니다.\n']"
15. 항암제+비임상시험+가이드라인+질의응답집.txt,"q4-7. 세포독성 저분자 의약품에 비해 반감기가 연장된 adc의 경우,
",3,"['adc를 이용한 단회투여독성시험이 3주에 한 번 투여하는 일정으로\n 계획한 임상시험을 뒷받침하기에 충분합니까?\n', 'v 3주 혹은 4주에 한 번 투여하는 일정의 초기 임상시험을 뒷받침하기 위해\n', 'adc를 적어도 두 번은 투여해야 합니다.\n']"
15. 항암제+비임상시험+가이드라인+질의응답집.txt,"q4-8. 비임상 종에서의 표적에 adc가 결합하지 않는다면, 어떤 in vivo
 반복투여독성시험이 필요합니까?
",1,"['v 항원 결정 부위(epitope, 항원 특이성을 결정하는 특정한 입체 분자 구조)\n 가 비임상 시험 종에서 발현하지 않는다면, adc에 대한 한 종에서의\n 독성시험으로 충분합니다. 유전자 이식 동물 혹은 상동 분자 사용 등 대체\n 모델은 보통 요구되지 않습니다.\n']"
15. 항암제+비임상시험+가이드라인+질의응답집.txt,"q4-9. adc의 조직 분포 시험의 유용성(utility)은 무엇입니까?
",1,"['v 일반적으로, adc의 조직 분포 시험은 필수사항은 아닙니다.\n']"
15. 항암제+비임상시험+가이드라인+질의응답집.txt,"q4-10. 일반적으로, 독성시험은 두 종에서 실시합니다. adc에서, 한 종
 만으로도 수용 가능한 상황이 있습니까?
",1,"['v adc의 항체 부분이 인간과 비인간 영장류의 항원에만 결합한다면, ich\n s6(r1)에 언급되어 있듯이, adc의 독성 평가를 비인간 영장류에서만 수행\n 하는 것이 적절할 수 있습니다. 약물에 대해서는, 질문 4.3을 참고하십시오.\n']"
15. 항암제+비임상시험+가이드라인+질의응답집.txt,"q4-11. 독성시험에서의 종과 비교하여 사람 특이적이거나 사람에서 불균형
 하게 높은 농도를 나타내는 대사산물의 경우, 어떤 독성학적 평가가 이루
 어져야 합니까?
",1,"['v 일반적으로, 불균형한 대사산물에 대한 추가적인 시험은 필요하지 않습\n 니다. 대사산물이 독성시험에서의 종에서는 발생하지 않고, 사람에서 상대\n 적으로 많은 양의 약물 노출이 (약리학적 활성물질(api, active\n pharmaceutical ingredient)이 아닌)대사산물 때문인 경우, 대사산물에 대한\n 추가적인 독성학적 평가가 고려될 수 있습니다.\n']"
15. 항암제+비임상시험+가이드라인+질의응답집.txt,"q4-12. 약리학적 활성물질(api)이 유전독성이 있는 경우, 혹은 유전독성이
 없는 경우, ich q3a/b에서 규정한 불순물 설정 한계를 초과한 불순물에
 대해 유전독성시험을 통해 평가되어야 합니까?
",1,['v 아래 표를 참고하십시오.\n 약리학적 ich 3a/b 불순물\n 활성물질의 설정 한계 초과 불순물에 대한 유전독성 평가 수행\n 유전독성 여부 여부\n yes no 필요없음\n yes yes 필요없음\n no no 필요없음\n no yes 불순물의 유전독성 평가가 수행되어야 함\n']
15. 항암제+비임상시험+가이드라인+질의응답집.txt,"q4-13. 돌연변이를 일으키는 불순물 관리에 대한 가이드라인인 ich m7이,
 ich s9의 적용 범위에 있는 환자에 적용 가능합니까?
",1,"['v ich m7의 적용 범위에서는 이 가이드라인이 “ich s9 적용 범위의 진행성\n 암환자 치료를 위한 의약품의 원료 및 완제”에 적용하지 않는다고 구체적\n 으로 기술하고 있습니다. 따라서, ich s9 적용 범위 하에서 진행성 암환자\n 치료를 위한 의약품에 있는 돌연변이를 일으키는 불순물은 ich q3a/b에\n 기술된 개념에 따라 관리하는 것이 고려되어야 합니다 (질문 4.12 참고).\n']"
15. 항암제+비임상시험+가이드라인+질의응답집.txt,"q4-14. 항암제의 개발 일정이 촉박하여, 허가신청 시점에 원료의약품의
 제조공정이 완벽하게 확립되지 않을 수 있습니다.
 공식적인 독성 연구가 완료된 후 ich q3a/b에서 규정한 적격성 확인
 수준을 초과하는 새로운 불순물들이 발견되었을 경우, 어떻게 처리해야
 합니까?
",1,"['v ich q3a/b는 이러한 상황에 대해 불순물들의 적격성 확인 수준에 대해 유연\n 성을 제공합니다. in vivo 적격성 확인 연구들이 고려되어야 하는지 판단\n 하기 위해 (주성분과의 구조적 유사성, 화학구조에서의 독성학적 경고,\n 독성시험 혹은 임상시험 로트에서 저함량으로 존재하는 불순물, 대사체\n 상태, 환자 집단 및 용법‧용량 등의 요소들을 고려하여) 위해성 평가가\n 수행되어야 합니다. 정성시험에서의 noael 규명은 보통 요구되지 않습\n 니다.\n']"
53-2. 의약품+허가+후+제조방법+변경관리+질의응답집(민원인안내서).txt,"q 1. 허가 후 제조방법 변경관리는 언제부터 시행되나요?
",1,"['a 1. 「의약품의 품목허가·신고·심사 규정」 부칙 <제2021-90호, 2021.11.11.> 제1조\n (시행일)에 따라 2022년 11월 12일 이후 적용됩니다.\n - 이에 따라 q 3.에 따른 적용대상 품목의 경우 동 규정 시행일 이후 「의약품\n 허가 후 제조방법 변경관리 가이드라인」에 따라 변경유형을 확인하여\n 관리하면 됩니다.\n']"
53-2. 의약품+허가+후+제조방법+변경관리+질의응답집(민원인안내서).txt,"q 2. 전문의약품 제조방법을 ctd로 관리하며, 이에 따른 3단계 변경관리 시행
 은 시행일(‘22.11.12.) 이후 신청하는 품목에 대해서만 적용되나요? 아니면
 기허가 품목에도 소급 적용되나요?
",1,"['a 2. 「의약품의 품목허가·신고·심사 규정」 부칙<제2021-90호, 2021.11.11.> 제2조(적용례)에\n 따라 시행일 이후 허가(변경허가) 신청 또는 신고(변경신고) 신청한 것부터 적용됩니다.\n']"
53-2. 의약품+허가+후+제조방법+변경관리+질의응답집(민원인안내서).txt,"q 3. 허가 후 제조방법 변경관리 적용대상은 어떻게 되나요?
",1,"['a 3. ① ‘22.11.12. 이후 신규허가(신고) 신청되는 ctd 작성대상 품목의 경우 허가 시\n 국제공통기술문서(ctd) 3부 제조방법(3.2.s.2, 3.2.s.3, 3.2.p.2, 3.2.p.3,\n 3.2.p.4, 3.2.p.7)을 허가증에 반영하고, 이후 변경사항에 대해서는 「의약품\n 허가 후 제조방법 변경관리 가이드라인」에 따라 변경관리 유형을 확인하여\n 관리하면 됩니다.\n ② ’22.11.12. 이전 허가(신고) 된 품목 중 허가규정 제6조제1항에 따라\n ctd 작성대상 품목으로 규정 시행일(‘22.11.12.) 이후, 완제의약품 조성\n 변경이 발생하거나, 주성분제조원, 제조공정, dmf 등록번호 등 기존\n 허가증 상 제조방법항에 기재된 사항의 변경이 발생하여 변경(허가) 신청\n 하는 경우, 제조방법에 해당하는 ctd 3부 자료, 기허가사항 및 기제출\n ctd에서 변경되는 사항에 대한 상세 비교표(변경사항이 없는 경우\n statement)와 그에 따른 근거자료(해당되는 경우 안정성/동등성 자료 포함)를\n 제출하여 심사를 받고, 이후 변경사항에 대해서는 「의약품 허가 후\n 제조방법 변경관리 가이드라인」에 따라 변경관리 유형을 확인하여\n 관리하면 됩니다.\n ③ 규정시행 전 허가(신고)된 품목 중 허가규정 제6조제1항에 따라 ctd\n 작성대상 품목으로 기존 허가증 상 제조방법의 변경이 없더라도 업체가\n 원하는 경우 제조방법에 해당하는 ctd 3부자료(3.2.s.2, 3.2.s.3, 3.2.p.2,\n 3.2.p.3, 3.2.p.4, 3.2.p.7)를 제출하여 심사를 받고, 「의약품 허가 후 제조방법\n 변경관리 가이드라인」에 따라 변경관리 유형을 확인하여 관리하면 됩니다.\n ④ 품목허가 신청 시 ctd 작성 제외품목*의 경우 최초허가(신고)시 심사\n 자료로 ctd를 제출하였더라도 동 ctd기반 제조방법 변경관리 대상에서\n 제외됩니다.\n * 희귀의약품, 의료용고압가스, 방사성의약품, 수출용의약품, 퇴장방지의약품, 인체에 직접\n 적용하지 아니하는 제품\n']"
53-2. 의약품+허가+후+제조방법+변경관리+질의응답집(민원인안내서).txt,"q 4. 허가 후 제조방법 변경관리가 완제의약품 중심으로 작성되어 있습니다.
 변경의 주체가 원료, 완제 회사 중 어느 곳인가요?
",1,['a 4. 품목허가를 받거나 신고한 완제 의약품의 제조판매·수입업자가 「의약품 품목허가·신고·\n 심사규정」 [별표 19] 제출자료의 범위에 따른 자료를 첨부하여 신청하여야 합니다.\n']
53-2. 의약품+허가+후+제조방법+변경관리+질의응답집(민원인안내서).txt,"q 5. 허가 후 제조방법 변경관리의 경우 원료의약품 사항도 포함인지요?
",1,"['a 5. 원료의약품의 제조방법(3.2.s.2, 3.2.s.3)에 변경이 발생하는 경우 「허가 후\n 변경관리 가이드라인」에서 해당되는 변경유형에 따라 관리하여야 합니다.\n']"
53-2. 의약품+허가+후+제조방법+변경관리+질의응답집(민원인안내서).txt,"q 6. 희귀의약품으로 지정된 품목이지만 허가당시 ctd 작성하여 허가를 받은
 경우 ctd 3부 자료 중 일부를 제조방법으로 관리하고 3단계 변경관리를
 진행해야하나요?
",1,"['a 6. q 3.을 참조하시기 바랍니다. 품목허가 신청 시 ctd 작성대상 제외품목*의\n 경우 최초허가(신고)시 심사자료로 ctd를 제출하였더라도 동 ctd기반\n 제조방법 변경관리 대상에서 제외됩니다.\n * 희귀의약품, 의료용고압가스, 방사정의약품, 수출용의약품, 퇴장방지의약품, 인체에직접적용하지\n 아니하는제품\n - 다만, 업체가 제조방법 등에 ’국제공통기술문서 제3부 품질평가자료 중\n 3.2.s.2, 3.2.s.3, 3.2.p.2, 3.2.p.3, 3.2.p.4, 3.2.p.7에 따름‘으로 기재하고, 제조\n 방법을 ctd로 관리하겠다고 하는 경우 변경관리도 동일하게 적용할 수\n 있습니다.\n']"
53-2. 의약품+허가+후+제조방법+변경관리+질의응답집(민원인안내서).txt,"q 7. ctd로 작성된 품목에 한함이라는 뜻은 ctd 대상으로 확대 후 발생하는
 변경 건부터 3단계 변경이 적용되는 것이 맞나요?
",1,"['a 7. q 3.을 참조하시기 바랍니다. 현재 국제공통기술문서 작성대상 의약품 중\n 허가(신고)당시 국제공통기술문서 작성대상 의약품의 경우 ctd 3부 품질\n 자료 중 제조방법에 해당하는 3.2.s.2, 3.2.s.3, 3.2.p.2, 3.2.p.3, 3.2.p.4,\n 3.2.p.7를 제조방법으로 관리하며 3단계 변경관리 대상입니다.\n - 허가(신고)당시 국제공통기술문서 작성대상이 아니었으나 현재 ctd 작성\n 대상 품목의 경우 허가증의 제조방법 최초 변경 시(예. 완제의약품 조성\n 변경이 발생하거나, 주성분 제조원, 제조공정, dmf 등록번호 등 기존 허가증 상\n 제조방법 항에 기재된 사항의 변경이 발생하는 경우 등), 제조방법에 해당하는\n ctd 3부 품질자료(3.2.s.2, 3.2.s.3, 3.2.p.2, 3.2.p.3, 3.2.p.4, 3.2.p.7)를 제출하고\n 심사를 받은 후 제조방법으로 관리하며 「의약품 허가 후 제조방법 변경관리\n 가이드라인」의 변경유형에 따라 관리하시기 바랍니다.\n >ii 허가 후 제조방법 변경관리 세부 절차\n']"
53-2. 의약품+허가+후+제조방법+변경관리+질의응답집(민원인안내서).txt,"q 8. dmf 등록대상 원료의약품을 사용하는 경우 제조방법 중 3.2.s.2, 3.2.s.3이
 원료의약품 등록번호로 갈음할 수 있나요?
",1,"['a 8. 「의약품의 품목허가·신고·심사규정」제6조제1항 본문에 따라 3.2.s 원료\n 의약품에 관한 자료는 이미 등록된 원료의약품의 경우 제출하지 아니하고\n 원료의약품 공고번호를 기재할 수 있습니다.\n - 다만, 원료의약품 공고번호를 기재할 경우에도, 완제의약품 제조사에서는\n dmf 변경사항을 확인하여 완제의약품에 대해 「의약품 허가 후 제조방법\n 변경관리 가이드라인」에 따라 변경관리를 해야 합니다. 이 경우 원료-완제\n 의약품 연계심사*를 실시할 수 있습니다.\n * 완제의약품 중심 허가 운영 관리방안 관련 질의응답집(민원인 안내서) 참조\n']"
53-2. 의약품+허가+후+제조방법+변경관리+질의응답집(민원인안내서).txt,"q 9. 허가(신고)에 대한 기준을 허가증에 작성된 제조방법으로 봐야 하는지요?
 아니면 ctd에 작성된 제조방법에 해당되는 자료를 기준으로 봐야 하는지요?
",1,['a 9. 최종 허가증의 제조방법으로서 인정받은 내용을 기준으로 하여야 합니다(q 3. 참고).\n']
53-2. 의약품+허가+후+제조방법+변경관리+질의응답집(민원인안내서).txt,"q 10. 현재 ctd가 마련되어 있지 않은 대상 제품들은 11월 12일까지 모두
 ctd를 마련해야 하나요?
",1,"['a 10. q 3.을 참고하시기 바랍니다. 11월 12일 이후 허가(신고)되는 완제의약품의\n 경우 허가 시 제조방법에 해당하는 ctd 항목(3.2.s.2, 3.2.s.3, 3.2.p.2,\n 3.2.p.3, 3.2.p.4, 3.2.p.7)이 제조방법으로 관리됩니다. 이전에 허가(신고)를\n 받은 품목 중 현재 ctd 작성 대상 의약품의 경우 현재 허가증의 제조방법\n 변경이 발생하는 경우 제조방법에 해당하는 ctd를 제출하여 심사를 받은 후\n 제조방법으로서 관리하시면 됩니다.\n']"
53-2. 의약품+허가+후+제조방법+변경관리+질의응답집(민원인안내서).txt,"q 11. 변경허가(신고)와 달리 시판전 보고는 이면기재가 가능한가요?
",1,"['a 11. 이면기재 가능합니다. ectd로 제줄하거나 제조방법으로서 ctd 를 제출합니다.\n 문서\n 변경사항 별로 연차(수시)보고 대상임을 확인할 수 있도록 충족조건 및 필요서류\n 구비를 체크하여 제출하시기 바랍니다.\n - ctd 를 제출하는 경우 변경 민원 신청 시 제조방법에 해당하는 ctd(3.2.s.2,\n 문서\n 3.2.s.3 및 3.2.p.2, 3.2.p.3, 3.2.p.4, 3.2.p.7 파트) 전체를 제출하고 ctd 변경에\n 대하여 변경대비표를 작성하여 제출하여야 합니다. 별도로 충족조건 입증서류\n 및 필요서류 제출은 요구되지 않습니다.\n']"
53-2. 의약품+허가+후+제조방법+변경관리+질의응답집(민원인안내서).txt,"q 12. 원료의약품 출발물질의 제조원이 변경되었으나, 최종 원료의약품 품질은
 동일한 것을 확인되었습니다. 이와같이 원료의약품의 제조방법이 변경
 되었으나, 완제의약품의 품질에 영향이 없다면 완제의약품 제조사는
 변경관리를 진행할 필요가 없는건가요?
",1,"['a 12. 3.2.s.2, 3.2.s.3의 변경이 있는 경우 완제의약품 제조사는 「의약품 허가 후\n 제조방법 변경관리 가이드라인」에 따라 변경허가신청 또는 연차(수시)\n 보고하여야 합니다.\n * 제조방법 ctd 도입에 따른 허가사항 관리 안내(민원인안내서) 참고\n']"
53-2. 의약품+허가+후+제조방법+변경관리+질의응답집(민원인안내서).txt,"q 13. ctd 3부 일부를 제조방법으로 관리하려면, 허가증에 제조방법을 어떻게
 기재해야 하며 허가증에 제조방법을 첨부하여야 하나요?
",1,"['a 13. 「의약품의 품목허가·신고·심사규정」 제14조제9항에 따라 의약품 허가증의\n 제조방법란에는 ’국제공통기술문서 제3부 품질평가 자료 중 3.2.s.2, 3.2.s.3\n 및 3.2.p.2, 3.2.p.3, 3.2.p.4, 3.2.p.7에 따름’으로 기재하고, 허가증에 첨부하지는\n 않습니다.\n - 다만, 품목 허가(변경) 신청 시 별도로 ctd 제3부 품질평가자료(3.2.s.2,\n 3.2.s.3 및 3.2.p.2, 3.2.p.3, 3.2.p.4, 3.2.p.7)를 제출하고, 해당 본문이 허가받은\n 제조방법이 됩니다.\n * 제조방법 ctd 도입에 따른 허가사항 관리 안내(민원인안내서) 참고\n']"
53-2. 의약품+허가+후+제조방법+변경관리+질의응답집(민원인안내서).txt,"q 14. 원료 제조원만 변경되거나 완제 제조방법만 변경되는 경우 변경되는
 부분에 해당하는 ctd만 제출하면 되나요? 아니면 3.2.s.2, 3.2.s.3,
 3.2.p.2, 3.2.p.3, 3.2.p.4, 3.2.p.7를 모두 제출해야 하나요?
",1,"['a 14. ‘22.11.12. 이후 q 3.에 따른 적용대상 품목인 경우 ctd에 변경사항을 반영하고,\n 문서형식의 ctd의 경우는 변경허가 신청시마다 제조방법에 해당하는\n ctd 3부 자료(3.2.s.2, 3.2.s.3, 3.2.p.2, 3.2.p.3, 3.2.p.4, 3.2.p.7) 전체를\n 제출하고, ectd 제출 시에는 변경 파트만 제출가능합니다.\n - 다만 「의약품의 품목허가·신고·심사규정」제6조제1항 본문에 따라 3.2.s\n 원료의약품에 관한 자료는 이미 등록된 원료의약품의 경우 제출하지\n 아니하고 원료의약품 공고번호를 기재할 수 있습니다.\n']"
53-2. 의약품+허가+후+제조방법+변경관리+질의응답집(민원인안내서).txt,"q 15. dmf가 등록된 주성분의 경우 dmf 등록사항의 변경보고/변경승인
 사항이 발생할 때 완제사에서는 dmf 등록 공고 사항의 문서번호 업데이트
 사항으로 변경 발생여부를 확인 할 수 있습니다. 이때 dmf holder 사에서
 따로 변경사항에 대해 완제제조사에 변경사항을 공유해주어야 합니다.
 향후 제조방법 사항의 s파트를 현행과 동일하게 dmf 등록사항에
 갈음한다라는 내용으로 ctd 제출 가능한가요? 불가 시, dmf closed
 파트에 따라 확인 불가한 사항은 어떻게 관리 기재 필요한가요?
",1,"['a 15. ‘22.11.12. 이후 제조방법 변경시에는 허가증의 제조방법 자료로서 3.2.s.2,\n 3.2.s.3, 3.2.p.2, 3.2.p.3, 3.2.p.4, 3.2.p.7을 구비하여야 합니다. 다만 「의약품의\n 품목허가·신고·심사규정」제6조제1항 본문에 따라 3.2.s 원료의약품에 관한\n 자료는 이미 등록된 원료의약품의 경우 제출하지 아니하고 원료의약품\n 공고번호를 기재할 수 있습니다. 이때, 원료의약품 제조방법의 변경사항\n 발생 시 완제의약품 제조사에서 변경수준에 맞는 절차에 따라 변경관리를\n 하여야 합니다. 기밀 자료의 경우 현재와 마찬가지로 식약처에 직접 제출하실\n 수 있습니다.\n ⅲ 허가 후 제조방법 변경관리 자료 제출\n']"
53-2. 의약품+허가+후+제조방법+변경관리+질의응답집(민원인안내서).txt,"q 16. 제조방법 변경에 따른 품목허가(신고) 변경 시 변경 관리 유형, 충족조건,
 필요서류 및 ctd 변경사항에 대한 내용은 어떻게 제출해야 하나요?
",1,"['a 16. ‘제조방법 ctd 도입에 따른 허가사항 관리 안내(허가총괄담당관)’ 붙임 1.\n 신청양식에 작성하여 제출하여야 하며, ctd 변경사항에 대한 변경대비표는\n 이와 별개로 3부 제출목록(3.2.s.2, 3.2.s.3, 3.2.p.2, 3.2.p.3, 3.2.p.4, 3.2.p.7) 별로\n 상세하게 작성하여 제출하시기 바랍니다.\n * 변경대비표 양식\n ctd 항목 변경 전 변경 후\n 3.2.s.2\n 3.2.s.3\n 3.2.p.2\n 3.2.p.3\n 3.2.p.4\n 3.2.p.7\n * 의약품안전나라 상 신청사항에는 ‘변경 후- 국제공통기술문서 제3부 품질평가자료 중\n 3.2.s.2, 3.2.s.3 및 3.2.p.2, 3.2.p.3, 3.2.p.4, 3.2.p.7에 따름’으로 기재하더라도, 위 상세 변경\n 대비표는 별도 첨부가 필요함.\n']"
53-2. 의약품+허가+후+제조방법+변경관리+질의응답집(민원인안내서).txt,"q 17. 제조방법 변경관리에서 충족조건이 ‘and 조건’ 인지 ‘or 조건’인지 궁금합니다.
",1,['a 17. 해당변경 유형에 기재된 충족조건은 모두 충족되어야 합니다.\n']
53-2. 의약품+허가+후+제조방법+변경관리+질의응답집(민원인안내서).txt,"q 18. 「의약품 허가 후 제조방법 변경관리 가이드라인」에 포함되지 않은
 변경사항은 어떻게 처리해야 하나요?
",1,"['a 18. 본 가이드라인에 포함되지 않은 변경의 경우 위험평가를 수행하여 품질에\n 영향을 미치지 않거나 경미한 영향을 미치는 변경의 경우 제조사의 문서화된 절차\n 및 의약품 품질시스템에 따라 처리하고, 해당 변경이 제제의 품질 및 안전성·\n 유효성에 영향을 미치지 않도록 관리해야 하며, 그 외의 사항은 기본적으로 품질에\n 영향을 미치는 중요한 변경사항으로 간주됩니다. 또한 두가지 이상의 변경 유형을\n 포함하는 경우 위험도가 높은 유형의 변경 유형으로 관리되어야 합니다.\n']"
53-2. 의약품+허가+후+제조방법+변경관리+질의응답집(민원인안내서).txt,"q 19. 제조공정 방법이 ctd 로 관리될 경우, 원약 분량과 제조공정조건이
 동일하고 제조 단위만 추가될 경우, 변경보고 진행하고 ctd에 2개의
 공정을 추가하여 관리되어야 하는지요?
",1,"['a 19. 「의약품의 품목허가·신고·심사 규정」제14조제5항에 따라 최종제품의 규격이\n 동일한 범위내에서 2가지 이상의 방법으로 제조하고자 하는 경우에는 〈제1법〉,\n 〈제2법〉등으로 표기할 수 있습니다. 다만 〈제1법〉, 〈제2법〉의 제조방법\n 변경 수준과 그에 따른 변경절차는 「의약품 허가 후 제조방법 변경관리 가이드라인」에\n 따라 수행하여야 합니다.\n']"
53-2. 의약품+허가+후+제조방법+변경관리+질의응답집(민원인안내서).txt,"q 20. 원료의약품 제조방법 변경 후 해당 원료의약품의 불순물 프로파일에 변경이
 없다는 것은 구체적으로 어떻게 증명해야 하나요?
",1,['a 20. 원료의약품 제조방법 변경 후 생산된 원료의약품의 배치에서 기설정된 불순물의\n 실측값의 변동이 발생하는지를 확인하고 새로운 불순물 생성유무를 확인\n 하시기 바랍니다.\n']
53-2. 의약품+허가+후+제조방법+변경관리+질의응답집(민원인안내서).txt,"q 21. 난용성 원료의약품의 결정형 또는 입자도의 변경이 발생하는 경우, 완제
 의약품의 품질과 생체이용율에 미치는 영향은 어떻게 고찰해야 하나요?
",1,"['a 21. 원료의약품의 결정형 및 입자도와 같은 물리화학적 특성의 변경으로 인한 변경\n 전·후 완제의약품의 용출, 붕해시간 또는 기타 약물 방출 등의 비교를 통해\n 변경에 미치는 영향을 고찰하면 됩니다.\n']"
53-2. 의약품+허가+후+제조방법+변경관리+질의응답집(민원인안내서).txt,"q 22. 가이드라인 2. 원료의약품 제조소 및 제조업자의 변경 또는 추가의
 충족조건 2. 변경된 제조소의 원료의약품은 완제연계심사로서 dmf
 품질심사를 완료하였다는 것은 구체적으로 어떻게 입증해야 하나요?
",1,"['a 22. 연계심사 문서번호와 문서번호를 비교 확인을 통해 가능합니다. 연계심사\n 문서번호는 문서번호와 함께 ‘의약품안전나라’를 통해 실시간으로 공고\n 됩니다.\n * 의약품안전나라 > 의약품등 정보> 의약품 및 화장품 품목정보 > 원료의약품(dmf)공고\n - 원료-완제의약품 연계심사 후 연계심사문서번호가 부여되며 등록 또는\n 변경등록 처리 시 부여된 문서번호와 동일하게 부여됩니다.\n - 후발 등록품목 중 허여품목의 경우에는 별도의 문서번호와 연계심사\n 문서번호를 부여하지 않고 최초 등록품목과 동일하게 간주됩니다.\n - 자료제출 품목의 경우 별도의 연계심사 문서번호 및 문서번호가 부여됩니다.\n * 참고로, 연계심사문서번호와 문서번호가 동일하더라도 국제공통기술문서\n (ctd) 대상 완제의약품의 등록된 dmf 문서번호의 자료가 ctd로서\n 검토이력이 없는 경우 등에는, 완제의약품 허가(변경허가)시 원료에 대한\n 심사가 이루어질 수 있습니다.\n']"
53-2. 의약품+허가+후+제조방법+변경관리+질의응답집(민원인안내서).txt,"q 23. 가이드라인 2. 원료의약품 제조소 및 제조업자의 변경 또는 추가, 필요서류
 6. 제조방법 변경 후 원료의약품 품질 특성이 완제의약품의 안정성에
 영향을 미칠 수 있는 경우 및 3. 원료의약품 제조공정의 변경 중 필요서류
 1. 안전성·유효성, 및 품질에 미치는 영향에 대한 고찰자료란 구체적으로
 무엇인가요?
",1,"['a 23. 원료의약품의 제조방법 변경에 따라 새롭게 생성된 불순물이 완제의약품\n 불순물 프로파일에 영향을 미치거나, 원료의약품 제조방법 변경에 따른\n 물리화학적 특성(용해성, 수분량, 입자크기, 결정형 등) 변경이 완제의약품의\n 기준 및 시험방법의 변경을 초래하는 경우 안정성시험 계획 및 이행 서약을\n 제출하고, 그에 따라 안정성시험을 통한 영향을 고찰하여야 합니다. 원료\n 의약품 제조소 또는 제조공정 변경 전·후 원료의약품의 불순물 검출치\n 비교 또는 새로운 유연물질 발생 가능성을 확인하고(3. 원료의약품 제조공정의\n 변경 - 필요서류 9 –불순물에 대한 고찰 및 근거자료), 완제의약품에\n 추가적으로 잔류할 수 있는 불순물 또는 보관 중 분해생성물로 인한\n 완제의 순도기준 변경 및 그에 따른 안정성 시험 계획이 필요합니다.\n 물리화학적 특성 변경에 대한 고찰은 q39.를 참고바라며, 이에 따라\n 완제의약품 1개 배치에 대한 배치분석자료가 요구될 수 있습니다.\n']"
53-2. 의약품+허가+후+제조방법+변경관리+질의응답집(민원인안내서).txt,"q 24. 가이드라인 중 해당변경은 제조과정에서 예상하지 못한 사유로 기준을
 충족하지 못한 경우 또는 안전성 문제 때문에 발생한 결과가 아니라는
 것은 구체적으로 어떤 경우를 의미하며, 만약 위의 사유로 변경을
 해야하면 어떤 절차를 거쳐야 하는 건가요?
",1,"['a 24. 제조과정에서 예상하지 못한 사유로 기준을 충족하지 못한 경우는, ctd\n 3.2.s.2, 3.2.p.3에 기술된 제조공정으로 원료 또는 완제의약품을 생산할 때\n 설정된 기준(주요공정시험, 반제품시험 및 완제의약품의 배치분석결과 등)을\n 충족하지 못하는 경우가 발생하거나, 안전성이 미확인된 새로운 불순물의\n 확인 또는 총 불순물기준 변경 등이 발생하는 경우를 말합니다. 이 경우\n 원료 및 완제의약품 제조자는 ich q9에 따른 품질위해관리 절차를 통해\n 필요한 절차를 취해야하며, 그 결과 원료 및 완제의약품 제조방법 변경이\n 필요한 경우, 이러한 변경은 통상적으로 중요변경사항으로 간주되므로,\n 사전 변경허가를 신청하여야 하며, 제출자료 등에 관련하여 규제기관과\n 논의하여야 합니다.\n']"
53-2. 의약품+허가+후+제조방법+변경관리+질의응답집(민원인안내서).txt,"q 25. 가이드라인 6. 원료의약품 제조에 사용하는 원료(출발물질, 중간체,
 용매, 시약)규격변경에서 필요서류 4. 해당변경이 품질에 영향을 미치지
 않음을 입증하는 자료(위험평가 자료)는 어떤 자료를 제출해야 하나요?
",1,"['a 25. 원료의약품 제조에 사용되는 출발물질, 중간체, 용매, 시약등의 규격변경으로\n 야기되는 원료의약품의 품질특성이 완제의약품 품질에 미치는 영향을 고찰하기\n 바랍니다. 이때 원료의약품의 불순물 프로파일의 변경이나 물리화학적 특성의\n 변경이 발생하지 않는다면, 변경 전후 원료의약품 배치분석자료를 비교하는\n 것으로 갈음될 수 있습니다.\n']"
53-2. 의약품+허가+후+제조방법+변경관리+질의응답집(민원인안내서).txt,"q 26. 가이드라인 7. 고형제제의 조성변경 필요서류 8. 변경된 첨가제가 완제
 의약품의 분석절차를 방해하지 않는다는 것을 입증하는 자료는 무엇을
 말하나요?
",1,"['a 26. 첨가제 변경 후 특이성 등 완제의약품 분석법의 밸리데이션 결과를 비교하는\n 자료를 제출하면 됩니다. 다만, 첨가제의 종류 및 시험방법의 변경이 없다면,\n 대한민국약전 일반정보 16. 의약품 시험방법 베리피케이션에 따라 함량시험과\n 순도시험의 해당 항목에 대해 확인하시기 바랍니다.\n']"
53-2. 의약품+허가+후+제조방법+변경관리+질의응답집(민원인안내서).txt,"q 27. 가이드라인 13. 비무균제제의 제조규모 변경 충족조건 1. 해당변경은
 제제의 재현성 및/또한 일관성에 영향을 미치지 않는 것은 어떻게
 확인해야 하나요?
",1,['a 27. 필요서류 2. 공정밸리데이션 결과 및 4. 변경 전후 생산규모 완제의약품의\n 최소 1배치 분석자료를 통해 확인할 수 있습니다.\n']
53-2. 의약품+허가+후+제조방법+변경관리+질의응답집(민원인안내서).txt,"q 28. 가이드라인 15. 완제의약품의 제조공정 변경 충족조건 4. 완제의약품의
 품질에 영향을 미치는 제조공정(주요공정) 조건의 변동이 없다는 것은
 제조공정 중 허가시 설정된 주요공정조건의 변경이 없다는 의미인가요?
",1,['a 28. ctd 3.2.p.3.4에서 설정된 주요공정조건 변경이 없는 경우를 말합니다.\n']
53-2. 의약품+허가+후+제조방법+변경관리+질의응답집(민원인안내서).txt,"q 29. 가이드라인 16. 완제의약품 또는 반제품의 제조에 적용되는 공정관리시험 또는
 공정관리시험 기준(ipc)의 변경 필요서류 6. 공정관리시험 및 기준의 추가,
 삭제, 변경에 대한 타당성 입증자료로는 어떤 자료를 제출하여야 하나요?
",1,"['a 29. 공정관리시험 기준을 변경하는 경우 해당 공정관리시험 기준 변동사항이\n 이후 공정에 미치는 영향(타정성 등), 제제의 품질(용해도, 순도, 제제균일성 등)에\n 대한 고찰자료 등 완제의약품 품질의 일관성을 보증함을 입증할 수 있는\n 자료를 제출하여야 합니다.\n']"
53-2. 의약품+허가+후+제조방법+변경관리+질의응답집(민원인안내서).txt,"q 30. 가이드라인 7c. 고형 제제의 첨가제의 종류 및 분량 변경 시 의약품동등성
 시험으로 생물학적동등성시험을 제출하지 않고 비교용출시험자료를 제출하는
 경우 장기 및 가속 안정성시험자료를 제출해야 하나요?
",1,['a 30. 고형 제제의 조성 변경수준이 생물학적동등성시험자료를 제출하지 않는\n 경우에는 장기보존 및 가속 안정성 최소 3개월 자료를 제출하시면 됩니다.\n']
53-2. 의약품+허가+후+제조방법+변경관리+질의응답집(민원인안내서).txt,"q 31. 가이드라인 9. 완제의약품(고형제제 제외)의 조성 변경에서 의약품동등성
 시험자료로서 이화학적동등성시험자료를 제출하는 경우 장기 및 가속 6개월
 안정성시험자료를 제출해야 하나요?
",1,"['a 31. 제제의 조성 변경 시 생물학적동등성시험자료를 이화학적동등성시험자료로\n 갈음되는 경우 최소 2배치(파일럿 배치 이상) 장기 및 가속 안정성시험자료\n 최소 3개월 자료를 제출하고, 생물학적동등성시험자료(비교임상시험자료)를\n 제출하는 경우 최소 6개월 자료를 제출하시면 됩니다.\n']"
53-2. 의약품+허가+후+제조방법+변경관리+질의응답집(민원인안내서).txt,"q 32. 무균제제 생산 시 동일 제조소내에 새로운 공조기를 설치하여
 밸리데이션을 진행하고 바이알 충전 공정에 대한 제조소 변경을
 진행하고자 합니다. 이때 「의약품 허가 후 제조방법 변경관리 가이드라인」
 12. 완제의약품 제조 공정의 일부 또는 전부에 대한 제조소 추가 및
 변경에 따라 관련 자료를 제출하고 변경을 진행하면 되나요?
",1,"['a 32. 무균제제의 제조소 변경의 경우 원칙적으로 「의약품 등의 안전에 관한 규칙」\n 및 「의약품 제조 및 품질관리기준」에 해당하는 관련 규정을 우선 준수하시고,\n 이에 따라 변경신청이 가능하다면 의약품 허가 후 제조방법 변경관리\n 가이드라인의 해당 항목에 따라 변경을 진행하시면 됩니다.\n']"
53-2. 의약품+허가+후+제조방법+변경관리+질의응답집(민원인안내서).txt,"q 33. 기허가 품목의 원약분량 중 착색제를 제외한 첨가제의 종류와 분량은
 유지하고 비고의 상세 규격이 변경되는 경우(예; 크로스포비돈 typea
 → typeb) 의약품 허가 후 제조방법 변경 중 어느 변경유형에 해당되나요?
",1,"['a 33. ‘의약품 허가 후 제조방법 변경관리 가이드라인, 변경 유형 15b. 완제의약품의\n 제조공정 변경(주1. 용출에 영향을 주는 첨가제 등급변경)’에 해당하는 것으로\n 판단되며, 해당 항목의 충족조건과 필요서류를 참고하여 처리하시기 바랍니다.\n']"
53-2. 의약품+허가+후+제조방법+변경관리+질의응답집(민원인안내서).txt,"q 34. 점안제의 점도조절제로 히드록시에칠셀룰로오스(nf)를 사용할 때,
 히드록시에칠셀룰로오스의 점도 기준이 변경되는 경우 어떤 변경 유형에
 해당되나요?
",1,"['a 34. 공정서에 수재된 첨가제의 경우 공정서 규격의 상세 기재사항(치환도, 점도,\n 평균중합도, 건조감량 및 부피밀도 등)이 있는 경우 원료약품 및 그 분량의\n 비고 란에 기재되어야 합니다. 점도조절제의 점도 기준이 변경되는 경우 의약품\n 허가 후 제조방법 변경관리 가이드라인 9. 완제의약품(고형제제 제외)의 조성\n 변경 항에 따라 처리하시기 바랍니다.\n']"
53-2. 의약품+허가+후+제조방법+변경관리+질의응답집(민원인안내서).txt,"q 35. 액상주사제의 고무마개(vial stopper)가 동일 재질이나 다른 사이즈의
 고무마개로 변경되는 경우 의약품 허가 후 제조방법 변경관리 가이드라인
 21번에 따른 허가 변경 대상인가요?
",1,"['a 35. 무균주사제의 일차포장에 관한 사항 중 고무마개의 크기 또는 외형이 변경되는\n 경우, 의약품 허가 후 제조방법 변경관리 가이드라인 21. 무균제제의 직접용기\n 및 포장 재질, 종류 변경 항목의 충족조건에 따라 종합적으로 검토하시어 변경을\n 진행하시기 바랍니다.\n']"
53-2. 의약품+허가+후+제조방법+변경관리+질의응답집(민원인안내서).txt,"q 36. 완제의약품의 첨가제 중 히드록시프로필셀룰로오스의 등급변경을 고려하고
 있습니다. 이와같은 첨가제의 등급변경은 제조사 자체 관리하여도
 되나요?
",1,"['a 36. 첨가제 중 규격에 설정되어 있는 일부 항목을 ‘원료약품 및 그 분량’의 비고에\n 기재하여야 하는 원료약품의 종류(예)는 다음의 항목을 참고하시기 바랍니다.\n 아래의 예시에 포함되지 않은 첨가제의 경우에도, 그 규격 중 설정된 항목\n (점도, 평균중합도 등)을 ‘원료약품 및 그 분량’의 비고란에 기재하여야 하며,\n 비고란에 기재된 항목의 변경이 발생하는 경우 그 변경으로 인하여 제형의\n 기능적 특성 및 제품 품질(점도, 붕해시간 혹은 용출프로파일 등)에 미치는\n 영향을 고찰하여야 합니다.\n 이에 영향이 발생하는 경우, 고형제제는 의약품 허가 후 제조방법 변경관리\n 가이드라인, ‘15b. 완제의약품의 제조공정 변경 중 용출에 영향을 주는 첨가제 등\n 급변경에 해당하는 변경’으로 그에 해당하는 충족조건과 필요조건을 고려하\n 여 관리하시면 됩니다.\n 고형제제 외 시럽제, 주사제 등에서 원료의약품 및 그 분량 비고란에 변경이\n 발생하는 경우 의약품 허가 후 제조방법 변경관리 가이드라인, ‘9. 완제\n 의약품(고형제제 제외)의 조성변경’에 따라 충족조건과 필요조건을 고려하여\n 변경을 진행하시기 바랍니다.\n ※ 참고> 대표적으로 세부규격을 기재해야하는 원료약품 종류(예)\n 성분명 대한민국약전 표시사항 미국약전(usp)·공정서 표시사항\n 인슐린 동물종명\n 알부민탄닌산염 단백질의 기원\n 헤파린나트륨 원료로 쓴 기관명\n 메틸셀룰로오스 점도 점도\n 에틸셀룰로오스 점도\n 분말셀룰로오스 평균중합도 범위 평균중합도 범위\n 평균중합도, 건조감량 및 부피밀도\n 평균중합도, 건조감량 및 부피밀도\n 미결정셀룰로오스 범위, 사이즈가 표시되어있는 경우\n 범위\n 입도크기\n 셀룰로오스\n 아세틸기 함유량\n 아세테이트\n 히드록시프로필\n 점도\n 셀룰로오스\n 히프로멜로오스 치환도 유형, 점도 치환도 유형, 점도\n 히프로멜로오스\n 치환도 유형, 점도 점도, 프탈기 함유량\n 프탈레이트\n 히프로멜로오스\n 점도\n 숙신산아세테이트\n α,β-이성체비 측정에 의해 결정된\n 유당수화물 알갱이로 만든 가루는 이를 표시 α,β-유당함유률, 입도크기, 변성유당일\n 경우 그 방법\n α,β-이성체비 측정에 의해 결정된 α,β-이성체비 측정에 의해 결정된\n 무수유당\n α,β-유당 함유률 α,β-유당함유율, 입도크기\n 포비돈 k 값 k 값\n 코포비돈 k 값\n 크로스포비돈 타입(a 또는 b)\n 전호화전분 기원\n 기원, 타입(a 또는 b), ph 범위,\n 전분글리콜산나트륨\n 가교제가 사용된 경우 그 종류\n 히드록시에틸셀룰\n 점도\n 로오스\n']"
53-2. 의약품+허가+후+제조방법+변경관리+질의응답집(민원인안내서).txt,"q 37. 고형제제의 낱알식별을 위해 분할선을 추가하려고 합니다. 이때
 「의약품 허가 후 제조방법 변경관리 가이드라인」에서 어떤 항목을
 적용하여야 합니까?
",1,"['a 37. 분할선 추가의 경우 ‘의약품 허가 후 제조방법 변경관리 가이드라인’, ‘11. 정성적\n 또는 정량적인 조성과 평균 질량의 변경이 없는 성상의 변경’에 해당하므로\n 충족조건과 필요서류를 참고하여 변경관리 하시기 바랍니다.\n - ‘의약품 허가 후 제조방법 변경관리 가이드라인’에 안내한 바와 같이, 정성적\n 또는 정량적인 조성과 평균 질량의 변경이 없는 성상의 변경은 의약품동등성\n 시험자료 제출이 필요하지 않으나, 분할선 추가에 따라 펀치, 타정 등\n 공정조건이 변경되는 경우에는 변경 사항에 대한 추가적인 검토가 필요하므로,\n 상세자료를 바탕으로 사전검토를 신청하시면 보다 구체적인 답변을 받으실 수\n 있음을 알려드립니다.\n - 또한, 해당 품목의 분할선 추가 가능 여부는 추가적인 검토가 필요한 사항\n 이므로 타당한 근거자료를 첨부하여 별도 심사의뢰 하시기 바랍니다.\n']"
53-2. 의약품+허가+후+제조방법+변경관리+질의응답집(민원인안내서).txt,"q 38. 필요서류 중 ‘변경 후 제제의 생산 규모 배치에 대한 안정성 시험 계획서
 및 이행서약’은 구체적으로 어떤 자료를 제출해야 하나요?
",1,['a 38. 변경 허가 이후 1개의 실생산 규모 생산 배치에 대하여 사용기간 동안의 장기보존\n 시험을 지속하겠다는 이행 약속을 의미합니다.\n']
53-2. 의약품+허가+후+제조방법+변경관리+질의응답집(민원인안내서).txt,"q 39. 주성분 제조원을 변경(추가)할 때, 그 외 원료약품 및 그 분량과 제조방법 등
 변경이 없는 경우, 의약품 허가 후 제조방법 변경관리 가이드라인의 ‘2. 원료
 의약품의 제조소 또는 제조업자의 변경 또는 추가’ 및 ‘3. 원료의약품
 제조공정의 변경’ 중 필요서류 ‘완제의약품의 안전성, 유효성 및 품질에
 미치는 영향에 대한 고찰자료’는 어떻게 제출하여야 하나요?
",1,"['a 39. 원료의약품의 물리·화학적 특성 비교, 기준 및 시험방법 용출시험, 배치분석 등에 관한\n 자료를 아래 흐름도에 따라 준비하여 제출하시기 바랍니다. 완제의약품의 불순물\n 프로파일, 시험성적서, 필요한 경우 안정성 자료를 함께 제출하시기 바랍니다.\n 1) 고형제제\n 1) 원료의약품의 물리화학적 성질에 관한 자료 : 입도, 결정다형, 용해도 실측치\n 2) 대한민국약전 용출시험법 ‘판정법 2’에 따라 판정하고, 용출 기준에 q값이 규정된 경우 또는\n 별도의 개별용출률 및 반복 용출시험 기준이 포함된 경우 그에 따른다.\n 2) 고형제제 외(액상제제, 폐흡입제, 반고형제 등)\n 1) 원료의약품의 물리화학적 성질에 관한 자료 : 입도, 결정다형, 용해도 실측치\n 2) 기준및시험방법에따름(유제및현탁제는용출시험이설정되지않은경우, 비교용출시험포함)\n']"
53-2. 의약품+허가+후+제조방법+변경관리+질의응답집(민원인안내서).txt,"q 40. 원료의약품의 제조소 또는 제조업자의 변경이 완제의약품의 제조방법
 변경을 초래하는 중대한 변경인 경우 동등성 자료의 제출이 필요한가요?
",1,"['a 40. 주성분의 물리화학적 특성이 완제의약품의 안전성유효성 품질에 중요한\n 영향을 미칠 수 있는 제제(예; 폐에 적용하는 흡입제, 현탁성 주사제 및\n 점안제, 세벨라머, 구형흡착탄, 당이 결합된 제이철착염을 포함하는 제제 등)의\n 경우에는 주성분 제조원 변경(추가)에 따른 타당성 고찰자료의 구비가 필요\n 합니다.「의약품동등성시험기준(식품의약품안전처 고시」 [별표 3] 에서는\n 주성분 제조원 변경으로 인하여 주성분의 입도, 결정형 등 물리화학적 특성이\n 변경되는 경우, 완제의약품 제조방법 변경 등 완제의약품의 품질에 미치는\n 영향을 고려하여 경미한 변경 또는 중요한 변경으로 구분하고 있으며, 표1.의\n 의약품동등성 시험의 종류에 따른 동등성시험를 실시하여야 합니다.\n 이때, 주성분 제조원 변경(추가)로 인한 완제의약품 제조방법 변경사항이\n 중요한 변경에 해당되는 경우에는 변경허가(신고) 신청이 필요하며, 경미한\n 변경인 경우에는 동등성 심사 대상에 해당되지 않으며, 자체 관리하시기 바랍니다.\n']"
53-2. 의약품+허가+후+제조방법+변경관리+질의응답집(민원인안내서).txt,"q 41. 「의약품 허가 후 제조방법 변경관리 가이드라인」의 ‘9. 완제의약품(고형제제
 제외)의 조성 변경’과 관련하여 점안제의 원료약품 및 분량이 변경되는 경우,
 의약품동등성시험의 종류 및 대조약 설정은 어떻게 하여야 하나요?
",1,"['a 41. 점안제 등과 같이 고형제제가 아닌 경우에는「의약품동등성시험기준」\n [별표 2]의 ‘ⅰ. 원료약품 및 분량 변경수준, 2. 고형제제가 아닌 제제의\n 경우’에 따른 의약품동등성시험의 실시가 필요합니다.\n 의약품동등성시험의 종류는 「의약품의 품목허가․신고․심사규정」제27조\n 제3항 단서 및 제27조제5항제1호에 따라 안전성․유효성 심사 자료를\n 준비하시기 바라며, 제27조제3항 및 제5항에서 정하는 바와 같이 원료약품의\n 종류가 이미 허가·신고 사항과 동일한 제제에 대해서는 이화학적동등성\n 시험자료로서 생물학적동등성시험자료 또는 비교임상시험성적에 관한 자\n 료를 갈음할 수 있습니다.\n 이 경우, 대조약은 「의약품동등성시험기준」제3조의2에 따라 공고된 대조약으로\n 설정하여 시험을 실시하시기 바랍니다.\n']"
53-2. 의약품+허가+후+제조방법+변경관리+질의응답집(민원인안내서).txt,"q 42. 「의약품 허가 후 제조방법 변경관리 가이드라인」의 ‘11. 정성적 또는
 정량적인 조성과 평균 질량의 변경이 없는 성상 변경’과 관련하여 장용성,
 서방성 완제의약품의 식별표시를 위한 ‘각인(펀치) 변경’ 시, 의약품동등성
 시험 자료의 제출이 필요한가요?
",1,"['a 42. 모양 및/또는 크기의 변경이 없는 단순 식별표시를 위한 각인 변경의\n 경우, 의약품동등성시험 자료의 제출은 필요하지 않습니다. 다만, 해당\n 변경으로 인하여 공정조건, 공정 중 검사기준 등의 변경이 이루어지는\n 경우에는 의약품동등성시험자료의 제출이 필요할 수 있습니다.\n 모양 또는 크기의 변경이 있는 경우에는 cmaj에 해당되며, 공정조건,\n 공정 중 검사기준 등의 변경수준에 따라 의약품동등성시험 자료가 제출\n 되어야 합니다.\n']"
53-2. 의약품+허가+후+제조방법+변경관리+질의응답집(민원인안내서).txt,"q 43. 「의약품 허가 후 제조방법 변경관리 가이드라인」의 ‘12. 완제의약품의
 제조 공정의 일부 또는 전부에 대한 제조소 추가 또는 변경’과 관련하여
 주사제 등 액상제제의 “원료칭량 공정 및 완제품 포장공정 제조소를
 제외한 제조소”가 변경되는 경우(12c), 의약품동등성시험 자료의 제출이
 필요한가요?
",1,"['a 43. 「의약품동등성시험기준」 [별표 4]에 따라,\n 원료약품 및 그 분량과 제조방법(작동원리 및 공정조건 포함) 변경이 없는\n 액상제제(경구용 액제, 주사제, 점안제, 점이제 등)의 제조소 변경의 경우에는\n 이화학적동등성시험자료의 제출은 필요하지 않습니다.\n 원료약품 및 그 분량과 제조방법(작동원리 및 공정조건 포함) 변경이 있는\n 제조소 변경의 경우에는 생물학적동등성시험 대상으로, 「의약품의 품목허가․\n 신고․심사규정」제27조제3항제1호 내지 제6호에 해당하는 의약품은 공고\n 대조약을 대조약으로 설정하여 이화학적동등성시험을 실시할 수 있습니다.\n']"
53-2. 의약품+허가+후+제조방법+변경관리+질의응답집(민원인안내서).txt,"q 44. 「의약품 허가 후 제조방법 변경관리 가이드라인」의 ‘14. 무균제제의
 제조 규모 변경’과 관련하여 분말주사제의 제조 규모가 10배 초과하여
 변경되는 경우, 의약품동등성시험 자료의 제출이 필요한가요?
",1,"['a 44. 분말주사제의 경우, ‘사용(투여) 시 성상’에 따른 제형의 특수성 여부를\n 먼저 고려하시기 바랍니다.\n 사용(투여) 시 맑은 액상제제인 경우에는 일반제제로서 「의약품동등성시험\n 기준」 [별표 3]에 따른 ‘경미한 변경’에 해당된다고 판단되어 의약품동등성\n 시험의 실시가 필요치 않으나, 현탁성 주사제인 경우에는 ‘중요한 변경’에\n 해당되어 변경 전 의약품을 대조약으로 설정하여 사용(투여) 시 상태로\n 의약품동등성시험자료를 제출하시기 바랍니다.\n 다만, 제조 규모 변경으로 인하여 공정조건, 공정 중 검사기준 등이 변경\n 되는 경우에는 가이드라인의 해당 항목을 모두 고려하여 최종 제조방법의\n 변경수준 및 제출자료 범위를 판단하여야 함을 알려드립니다.\n']"
53-2. 의약품+허가+후+제조방법+변경관리+질의응답집(민원인안내서).txt,"q 45. 「의약품 허가 후 제조방법 변경관리 가이드라인」의 ‘15. 완제의약품의
 제조공정 변경’과 관련하여 경구용 액제의 제조장비가 변경되는 경우,
 의약품동등성시험이 필요한가요?
",1,"['a 45. 액상제제(경구용 액제, 주사제, 점안제, 점이제 등)의 경우 「의약품동등성\n 시험기준」[별표 3]에 따라,\n 작동원리는 동일하나 디자인이 상이한 제조장비로 변경할 때에는 ‘경미한\n 변경’에 해당하여 이화학적동등성시험은 필요하지 않으나,\n 작동원리가 상이한 제조장비로 변경할 때에는 ‘중요한 변경’에 해당되므로\n 이화학적동등성시험을 실시하여야 하며, 변경 전 의약품을 대조약으로\n 설정하는 것이 가능합니다. 다만, [별표 3]의 ‘다. 중요한 변경’ 중 7)에 해당\n 하는 경우에는 생물학적동등성시험 대상으로, 의약품의 품목허가·신고·심사\n 규정」제25조제2항 및 제27조제3항에 따라 생물학적동등성시험을 이화학적\n 동등성시험으로 갈음할 수 있으며 이 때에는 공고된 대조약으로 시험을\n 실시합니다.\n']"
53-2. 의약품+허가+후+제조방법+변경관리+질의응답집(민원인안내서).txt,"q 46. 제조장비, 공정조건, 공정 중 검사 기준, 생산 규모 등 제조방법에 다수의
 변경이 발생하는 경우, 의약품동등성시험 종류는 어떻게 판단하나요?
",1,"['a 46. 다수의 변경이 발생한 경우에는「의약품 허가 후 제조방법 변경관리 가이드라인」의\n 해당 항목별 충족 조건에 따른 종합적 검토가 필요하며, 의약품동등성시험은\n 「의약품동등성시험기준(식품의약품안전처 고시)」에 따라 최종 변경수준 및\n 제출자료 범위를 판단하여야 합니다.\n']"
53-2. 의약품+허가+후+제조방법+변경관리+질의응답집(민원인안내서).txt,"q 47. 제조방법 변경관리 가이드라인에서 minor change(cmin)와 major
 change(cmaj)을 구분하는 기준이 「의약품동등성시험기준」[별표 3]
 제조방법의 변경수준 및 제출자료의 범위에서 정하는 품질에 영향이
 없는 변경/경미한 변경/중요한 변경과 일치하나요?
",1,"['a 47. 「의약품 허가 후 제조방법 변경관리 가이드라인」에서 정하는 cmin와\n cmaj의 경우 완제의 제조방법 뿐 아니라 원료의약품과 완제의약품의\n 제조원, 제조방법 중 품질에 중요한 영향을 미치는 사항을 중요도,\n 충족조건 및 제출자료의 난이도 등을 종합적으로 판단하여 구분하는\n 것으로 「의약품동등성시험기준(식품의약품안전처 고시)」[별표 3]에\n 따른 완제의약품 제조방법의 변경수준에서 정하는 경미한 변경/중요한\n 변경 구분과는 차이가 있을 수 있습니다.\n 참고로, 「의약품동등성시험기준(식품의약품안전처 고시)」[별표 3]에 따른 ‘경미한\n 변경’은 「의약품 허가 후 제조방법 변경관리 가이드라인」의 보고유형 중 시판전\n 보고(ir), 변경허가(신고) 신청(cmin, cmaj)에 해당될 수 있으며, 중요한 변경은\n 모두 가이드라인의 cmaj에 해당됨을 알려드립니다.\n 상기 규정의 ‘경미한 변경’과 관련한 보고 유형 예시는 아래의 표를 참고\n 하시기 바랍니다.\n 「의약품동등성 동등성\n 원료의약품의 완제의약품 동등성\n 시험기준」에 허가 후 시험자료\n 물리화학적 제조방법 시험자료 보고유형\n 따른 제조방법 변경구분 심사\n 특성 변경 변경 구비여부\n 변경구분 필요여부\n ir 또는\n 「의약품동등성\n cmaj\n 시험기준」\n (dmf\n [별표3]에\n x x x x\n 품질심사\n 따른\n 여부 등 고려\n 품질에\n 필요)\n 영향이 없는\n 변경 주성분 o x x x\n 제조원\n x\n 변경(추가)\n (bcs에\n 따른\n 용해도가 cmaj\n o o o\n 높거나\n 고시조건\n 30분이내\n 「의약품동등성 ≥85%)\n 시험기준」\n [별표3]에 ir 또는\n 일반제제\n 따른 cmaj\n 공정조건\n 경미한 변경 - o o x (주요공정\n 범위 외\n 변경 여부 등\n 변경\n 고려 필요)\n 일반제제\n 생산규모\n - o x ir\n 10배 o\n 초과\n']"
53-2. 의약품+허가+후+제조방법+변경관리+질의응답집(민원인안내서).txt,"q 48. 「의약품 허가 후 제조방법 변경관리 가이드라인」의 ‘15. 완제의약품의
 제조공정 변경’과 관련하여 필요 서류 2. (p.2) 해당되는 경우, 제조 공정의
 개발에 관한 검토 자료 : in-vitro 비교시험 자료, 예를 들면, 고형 제제
 단위에 대한 기준 및 시험방법에서의 다시점 용출 프로파일을 제출하는
 경우 「의약품동등성시험기준」에 따른 의약품동등성시험자료를 별도로
 제출해야 하나요?
",1,"['a 48. 필요 서류 2. 제조 공정의 개발에 관한 검토 자료에서 다시점 용출 프로파일의 경우\n 제조공정 변경에 따른 변경 전·후 품질 일관성 확인을 위한 기준 및\n 시험방법 조건의 용출시험 결과를 의미하며, 반드시 「의약품동등성시험기준」에\n 따른 비교용출시험자료는 아닙니다. 「의약품동등성시험기준」에 따른 자료는\n 동 유형의 변경에서 필요 서류 1로서 별도로 정하고 있습니다. 참고로,\n 「의약품동등성시험기준」에 따른 의약품동등성시험자료의 제출을 필요로\n 하는 변경 시, 필요 서류 1의 제출자료가 비교용출시험자료로, 필요 서류 2와\n 시험조건이 동일하거나 동등이상(예. 「의약품동등성시험기준」\n 비교용출시험 조건)인 경우에는 필요 서류 1의 자료로 필요 서류 2의\n 자료를 갈음할 수 있을 것으로 사료됩니다.\n']"
53-2. 의약품+허가+후+제조방법+변경관리+질의응답집(민원인안내서).txt,"q 49. 필요서류 중 ‘변경 후 제제의 생산 규모 배치에 대한 안정성 시험 계획서 및
 이행서약’은 구체적으로 어떤 자료를 제출해야 하나요?
",1,"['a 49. 변경 허가 이후 1개의 실생산 규모 생산 배치에 대하여 사용기간 동안의 장기보존\n 시험을 지속하겠다는 이행 약속을 의미하며, ctd 3.2.p.8.2 를 제출하시면 됩니다.\n']"
53-2. 의약품+허가+후+제조방법+변경관리+질의응답집(민원인안내서).txt,"q 50. ‘국제공통기술문서(ctd) 작성 해설서’에서 안내한 ctd 필수 기재사항에
 해당하지 않는 변경은 ‘의약품 허가 후 제조방법 변경관리 가이드라인’
 변경유형에 포함되지 않는 데 어떻게 처리해야 하나요?
",1,"['a 50. 제조사 자체의 문서화된 절차 및 의약품품질시스템에 따라 위험도 평가를 수행하여\n 변경수준(품질에 영향을 미치지 않는 변경 / 품질에 중요한 영향을 미치는 중대한\n 변경사항)을 분류하고, 해당 변경이 제제의 품질 및 안전성·유효성에 영향을 미치지\n 않도록 관리하시기 바랍니다.\n 품질에 중요한 영향을 미치는 변경으로 간주되는 경우, 변경신청(change) 절차에\n 따라 처리하시기 바랍니다. ▲품질에 영향을 미치지 않는 변경사항에 해당되나,\n 허가증 상 제조방법 ctd의 기재 사항의 변경이 있는 경우 연차보고(ar) 절차에\n 따라 반영하시기 바랍니다.\n ▲ 품질에 영향을 미치지 않는 변경사항 예시\n - 출발물질 외 원료약품, 시약, 용매 공급원 변경, 기 작성된 동물 유래 성분 근거 내용\n (국가, 기재방법 간소화 등) 변경이 없는 공캡슐 공급원 변경, 첨가제의 규격 변경 없는\n 공급원 변경, 기 작성된 동물 유래 성분 근거 내용(국가, 기재방법 간소화 등) 변경,\n 재질의 변경사항이 없는 직접 접촉 자재 공급원 및 규격(성상, 사이즈, 무게 등) 등 변경,\n 낱알식별표시를 위한 인쇄방법의 변경(잉크→레이저), 오기사항임이 명확한 ctd 기재\n 내용의 단순 오기 정정 등\n']"
53-2. 의약품+허가+후+제조방법+변경관리+질의응답집(민원인안내서).txt,"q 51. ‘23. 6. 9.자 「의약품동등성시험기준」 개정고시 시행에 따라, [별표 3]
 제조방법의 변경수준 및 제출자료의 범위 중 주성분 제조원 변경(또는
 추가)가 삭제되었습니다. ctd 제조방법 반영 후 해당 변경은 ‘의약품 허가
 후 제조방법 변경관리 가이드라인, 2c 원료의약품의 생산’에 따르면 되는데,
 ‘22.11.12 이전 허가된 품목 중 ctd 제조방법 최초 반영과 동시에 주성분
 제조원 변경(추가)하는 경우에는 어떤 자료를 제출하여야 하나요?
",1,"[""a 51. ‘ctd 대상 완제의약품의 제조방법 변경 심사방안 알림(의약품규격과-1114\n (2023. 4. 13.), 식약처 홈페이지 – 법령/자료 – 안내서/지침 참고)에 따른\n 제출 자료를 구비하시기 바랍니다. 또한, '의약품 허가 후 제조방법 변경관리\n 질의응답집' q 23. 답변 및 q 39. 흐름도를 참고하여 주성분 제조원 변경(추가)에\n 따른 완제의약품의 안전성·유효성 및 품질에 미치는 영향에 대한 고찰이\n 이루어져야 합니다.\n""]"
